-- phpMyAdmin SQL Dump
-- version 4.8.5
-- https://www.phpmyadmin.net/
--
-- 主機： 127.0.0.1
-- 產生時間： 2019 年 08 月 02 日 10:54
-- 伺服器版本： 10.1.40-MariaDB
-- PHP 版本： 7.1.29

SET SQL_MODE = "NO_AUTO_VALUE_ON_ZERO";
SET AUTOCOMMIT = 0;
START TRANSACTION;
SET time_zone = "+00:00";


/*!40101 SET @OLD_CHARACTER_SET_CLIENT=@@CHARACTER_SET_CLIENT */;
/*!40101 SET @OLD_CHARACTER_SET_RESULTS=@@CHARACTER_SET_RESULTS */;
/*!40101 SET @OLD_COLLATION_CONNECTION=@@COLLATION_CONNECTION */;
/*!40101 SET NAMES utf8mb4 */;

--
-- 資料庫： `shopping_cart`
--

-- --------------------------------------------------------

--
-- 資料表結構 `cart_items`
--

CREATE TABLE `cart_items` (
  `id` int(10) NOT NULL,
  `user_id` int(10) NOT NULL,
  `product_id` int(10) NOT NULL,
  `name` varchar(50) NOT NULL,
  `image` varchar(20) NOT NULL,
  `price` decimal(10,2) NOT NULL,
  `quantity` double NOT NULL,
  `created_at` timestamp NOT NULL DEFAULT CURRENT_TIMESTAMP ON UPDATE CURRENT_TIMESTAMP,
  `modified` timestamp NOT NULL DEFAULT CURRENT_TIMESTAMP ON UPDATE CURRENT_TIMESTAMP
) ENGINE=MyISAM DEFAULT CHARSET=utf8;

--
-- 傾印資料表的資料 `cart_items`
--

INSERT INTO `cart_items` (`id`, `user_id`, `product_id`, `name`, `image`, `price`, `quantity`, `created_at`, `modified`) VALUES
(12, 26, 37, '', '', '0.00', 4, '2019-06-17 09:04:37', '2019-06-17 09:04:37'),
(11, 26, 36, '', '', '0.00', 1, '2019-06-17 09:03:07', '2019-06-17 09:03:07'),
(10, 26, 36, '', '', '0.00', 1, '2019-06-17 09:03:07', '2019-06-17 09:03:07'),
(5, 26, 27, 'test', '', '0.00', 0, '2019-06-21 06:20:54', '2019-06-21 06:20:54'),
(6, 26, 28, '', '', '0.00', 2, '2019-06-17 08:14:40', '2019-06-17 08:14:40'),
(7, 26, 29, '', '', '0.00', 0, '2019-06-17 08:14:58', '2019-06-17 08:14:58'),
(8, 26, 29, '', '', '0.00', 3, '2019-06-17 08:16:17', '2019-06-17 08:16:17'),
(9, 26, 35, '', '', '0.00', 1, '2019-06-17 08:16:22', '2019-06-17 08:16:22'),
(57, 27, 33, 'Adidas Men\'s NBA Golden State Warriors-Kevin Duran', 'p71.jpg', '29.99', 3, '2019-06-18 06:56:05', '2019-06-18 06:56:05'),
(58, 27, 38, 'Kevin Love Cleveland Cavaliers #0 NBA Youth Road J', 'p121.jpg', '29.99', 1, '2019-06-18 06:56:17', '2019-06-18 06:56:17'),
(60, 27, 27, 'San Antonio Spurs Kawhi Leonard #2 \r\nAdidas Black ', 'p11.jpg', '99.99', 2, '2019-06-18 07:19:18', '2019-06-18 07:19:18'),
(89, 23, 36, 'LeBron James Men\'s Navy Cleveland Cavaliers adidas', 'p101.jpg', '3100.00', 1, '2019-06-24 08:42:48', '2019-06-24 08:42:48'),
(91, 30, 40, 'For Mens San Antonio Spurs Kawhi Leonard #2 Cream ', 'p131.jpg', '960.00', 1, '2019-06-24 09:58:21', '2019-06-24 09:58:21'),
(92, 30, 47, '彈性舒適水洗短褲', '1561080629.jpeg', '790.00', 1, '2019-06-24 09:58:22', '2019-06-24 09:58:22'),
(98, 31, 30, 'Women\'s Customized San Antonio Spurs Black Replica', 'p41.jpg', '999.00', 1, '2019-06-25 09:54:07', '2019-06-25 09:54:07'),
(142, 23, 41, '品牌重洗水短褲', '1560918951.jpg', '790.00', 1, '2019-06-28 06:09:45', '2019-06-28 06:09:45'),
(132, 23, 209, '【抗起球】 夏季短版 男生亞麻短褲百搭休閒棉麻短褲 韓版寬鬆五分褲  膝上短褲 大尺碼沙灘褲 工作褲', '2018687561_0.jpeg', '79.00', 3, '2019-06-28 05:42:41', '2019-06-28 05:42:41'),
(150, 23, 35, 'Kevin Durant #35 Women\'s Replica Name and Number S', 'p91.jpg', '1050.00', 1, '2019-06-28 07:52:04', '2019-06-28 07:52:04');

-- --------------------------------------------------------

--
-- 資料表結構 `orders`
--

CREATE TABLE `orders` (
  `id` int(10) NOT NULL,
  `user_id` int(10) NOT NULL,
  `product_id` int(5) NOT NULL,
  `name` varchar(50) NOT NULL,
  `quantity` int(5) NOT NULL,
  `money` decimal(10,2) NOT NULL,
  `description` varchar(100) NOT NULL,
  `status` tinyint(1) NOT NULL,
  `created_at` timestamp NOT NULL DEFAULT CURRENT_TIMESTAMP ON UPDATE CURRENT_TIMESTAMP,
  `updated_at` timestamp NOT NULL DEFAULT CURRENT_TIMESTAMP ON UPDATE CURRENT_TIMESTAMP
) ENGINE=InnoDB DEFAULT CHARSET=utf8;

--
-- 傾印資料表的資料 `orders`
--

INSERT INTO `orders` (`id`, `user_id`, `product_id`, `name`, `quantity`, `money`, `description`, `status`, `created_at`, `updated_at`) VALUES
(19, 23, 41, '品牌重洗水短褲', 1, '790.00', '', 1, '2019-07-11 09:52:19', '2019-07-11 09:52:19'),
(20, 23, 41, '品牌重洗水短褲', 1, '790.00', '', 1, '2019-07-12 01:18:23', '2019-07-12 01:18:23'),
(21, 23, 29, 'Tim Duncan San Antonio Spurs Jersey Name and Numbe', 1, '29.99', '3', 1, '2019-07-12 01:59:14', '2019-07-12 01:59:14'),
(26, 29, 47, '彈性舒適水洗短褲', 1, '790.00', '<a href = \"test\">123</a>', 1, '2019-07-17 08:25:16', '2019-07-17 08:25:16'),
(27, 29, 31, 'Klay Thompson Golden State Warriors Jersey Name an', 2, '29.99', '<a href = \"test\"></a>', 1, '2019-06-21 07:51:06', '2019-06-21 07:51:06'),
(32, 30, 47, '彈性舒適水洗短褲', 2, '790.00', '123ㄉ', 0, '2019-06-24 10:10:48', '2019-06-24 10:10:48'),
(33, 31, 250, '小二布屋-短褲 情侶款混織運動休閒棉褲 棉質短褲【PPK81017】', 2, '290.00', '綠色綠色綠色綠色綠色綠色綠色綠色綠色綠色綠色綠色綠色綠色綠色綠色綠色綠色綠色綠色綠色綠色綠色綠色綠色綠色綠色綠色綠色綠色綠色綠色綠色綠色綠色綠色綠色綠色綠色綠色綠色綠色綠色綠色綠色綠色綠色綠色綠色綠色', 1, '2019-06-25 08:34:10', '2019-06-25 08:34:10'),
(56, 31, 250, '小二布屋-短褲 情侶款混織運動休閒棉褲 棉質短褲【PPK81017】', 3, '290.00', '<a href = \"test\">123</a>', 1, '2019-07-19 02:56:18', '2019-07-19 02:56:18'),
(58, 31, 250, '小二布屋-短褲 情侶款混織運動休閒棉褲 棉質短褲【PPK81017】', 2, '290.00', '<a>>', 0, '2019-06-25 04:13:39', '2019-06-25 04:13:39'),
(59, 31, 41, '品牌重洗水短褲', 1, '790.00', '<a>>', 0, '2019-06-25 04:13:39', '2019-06-25 04:13:39'),
(60, 31, 246, '?質量超贊?超帥！破洞牛仔褲 破壞牛仔褲 合身 小賈斯汀男褲 破褲 牛仔短褲 男士牛仔破褲 男生 日', 1, '399.00', '321', 0, '2019-06-25 05:37:02', '2019-06-25 05:37:02'),
(61, 31, 247, '免運1天 Under Armour 安德瑪 UA 男款 運動短褲 運動褲 訓練褲 健身 休閒短褲 慢', 1, '380.00', '321', 1, '2019-07-17 08:25:28', '2019-07-17 08:25:28'),
(62, 31, 229, 'KS▸Sneaker Mob SNEAKER COVER 黑色 白色 2色 防滑 防雨鞋套 防水 鞋', 2, '380.00', '321', 0, '2019-06-25 05:37:02', '2019-06-25 05:37:02'),
(63, 32, 29, 'Tim Duncan San Antonio Spurs Jersey Name and Numbe', 1, '999.00', '12', 0, '2019-06-25 10:38:17', '2019-06-25 10:38:17'),
(64, 32, 29, 'Tim Duncan San Antonio Spurs Jersey Name and Numbe', 1, '999.00', 'tettettettettettettettettettettettettettettettettettettettettettettettettettettettettettettettettett', 1, '2019-07-12 01:51:45', '2019-07-12 01:51:45'),
(100, 32, 217, '【豬豬老闆】ADIDAS ESSENTIALS 黑 白 字母LOGO 排汗 透氣 運動 休閒 短褲 ', 2, '980.00', '2', 0, '2019-06-28 02:40:33', '2019-06-28 02:40:33'),
(101, 32, 250, '小二布屋-短褲 情侶款混織運動休閒棉褲 棉質短褲【PPK81017】', 1, '290.00', '2', 0, '2019-06-28 02:40:33', '2019-06-28 02:40:33'),
(102, 32, 228, '?台灣出貨【999免運】?【五種款式】復古刷破仿舊牛仔短褲 五分短褲 膝上短褲 加大尺碼 【28~3', 1, '199.00', '', 0, '2019-06-28 02:41:26', '2019-06-28 02:41:26'),
(103, 39, 250, '小二布屋-短褲 情侶款混織運動休閒棉褲 棉質短褲【PPK81017】', 1, '290.00', '123', 0, '2019-07-11 03:50:53', '2019-07-11 03:50:53'),
(104, 39, 228, '?台灣出貨【999免運】?【五種款式】復古刷破仿舊牛仔短褲 五分短褲 膝上短褲 加大尺碼 【28~3', 1, '199.00', '', 0, '2019-07-11 03:59:42', '2019-07-11 03:59:42'),
(105, 39, 247, '免運1天 Under Armour 安德瑪 UA 男款 運動短褲 運動褲 訓練褲 健身 休閒短褲 慢', 1, '380.00', '', 0, '2019-07-11 04:00:16', '2019-07-11 04:00:16'),
(106, 39, 231, '836278 零碼出清 薄款 Nike aw77 ALUMNI 2018 耐吉 短棉褲 運動短褲 休', 2, '299.00', '2', 0, '2019-07-11 04:00:41', '2019-07-11 04:00:41'),
(107, 39, 215, '【現貨 免運費！球星經典同款】彈力運動褲 籃球褲 附拉鍊口袋 球褲 運動短褲休閒短褲 運動服 男運控', 1, '269.00', '2', 1, '2019-07-12 01:42:35', '2019-07-12 01:42:35'),
(108, 41, 30, 'Women\'s Customized San Antonio Spurs Black Replica', 1, '999.00', '', 0, '2019-07-11 09:48:48', '2019-07-11 09:48:48'),
(109, 41, 40, 'For Mens San Antonio Spurs Kawhi Leonard #2 Cream ', 1, '960.00', '', 0, '2019-07-11 09:51:11', '2019-07-11 09:51:11');

-- --------------------------------------------------------

--
-- 資料表結構 `products`
--

CREATE TABLE `products` (
  `id` int(10) NOT NULL,
  `type` varchar(10) NOT NULL,
  `name` varchar(100) NOT NULL,
  `stock` int(5) NOT NULL,
  `image` varchar(20) NOT NULL,
  `description` varchar(100) NOT NULL,
  `price` decimal(10,2) NOT NULL,
  `price_before_discount` decimal(10,2) NOT NULL,
  `created_at` timestamp NOT NULL DEFAULT CURRENT_TIMESTAMP ON UPDATE CURRENT_TIMESTAMP,
  `updated_at` timestamp NOT NULL DEFAULT CURRENT_TIMESTAMP
) ENGINE=MyISAM DEFAULT CHARSET=utf8 COMMENT='products that can be added to cart';

--
-- 傾印資料表的資料 `products`
--

INSERT INTO `products` (`id`, `type`, `name`, `stock`, `image`, `description`, `price`, `price_before_discount`, `created_at`, `updated_at`) VALUES
(27, 'clothes', 'San Antonio Spurs Kawhi Leonard Adidas Black T', 1, '1560935809.jpg', '<p>Kawhi Leonard San Antonio Spurs T shirt, made by Adidas the official on court producers of NBA ap', '2800.00', '2900.00', '2019-06-28 09:17:49', '2019-06-28 09:17:49'),
(28, 'clothes', 'LaMarcus Aldridge San Antonio Spurs NBA Adidas Pla', 6, 'p22.jpg', '&lt;p&gt;Looks like a jersey, wears like a tee -- this 100% cotton Adidas NBA player name and number', '1499.00', '0.00', '2019-06-24 09:27:27', '2016-10-28 12:52:43'),
(29, 'clothes', 'Tim Duncan San Antonio Spurs Jersey Name and Numbe', 2, 'p31.jpg', '&lt;p&gt;Cheer on Tim Duncan and the Spurs as they begin their road to repeating as NBA champions.&l', '999.00', '0.00', '2019-06-27 06:47:20', '2016-10-28 12:56:23'),
(30, 'clothes', 'Women\'s Customized San Antonio Spurs Black Replica', 0, 'p41.jpg', '&lt;p&gt;San Antonio Spurs Custom Jerseys with any name and number.&lt;/p&gt;\r\n&lt;p&gt;Choose the s', '999.00', '0.00', '2019-07-11 09:48:48', '2016-10-28 12:58:02'),
(31, 'clothes', 'Klay Thompson Golden State Warriors Jersey Name an', 1, 'p51.jpg', '&lt;p&gt;It\'s Splash Time!&lt;/p&gt;\r\n&lt;p&gt;Make sure to show your support for the second half of', '999.00', '0.00', '2019-06-24 01:34:12', '2016-10-28 12:59:20'),
(32, 'clothes', 'Stephen Curry Golden State Warriors #30 NBA Youth ', 1, 'p61.jpg', '&lt;p&gt;Featuring your favorite player\'s name and number on back with team logo at front, this Clim', '999.00', '0.00', '2019-06-24 01:34:15', '2016-10-28 13:03:19'),
(33, 'clothes', 'Adidas Men\'s NBA Golden State Warriors-Kevin Duran', 2, 'p71.jpg', 'Show off how excited you are to welcome Kevin Durant to you Golden State Warriors with this Mesh Log', '750.00', '0.00', '2019-06-19 09:15:59', '2019-06-19 09:15:59'),
(34, 'clothes', 'Klay Thompson Golden State Warriors Charcoal Chine', 1, 'p81.jpg', '&lt;p&gt;Cheer on Klay all the way to the NBA Finals in style with this unique Chinese New Year Jers', '999.00', '0.00', '2019-06-24 01:34:17', '2016-10-28 13:06:34'),
(35, 'clothes', 'Kevin Durant #35 Women\'s Replica Name and Number S', 1, 'p91.jpg', '&lt;p&gt;Let everyone know who you will be cheering for this season in the adidas U Series high dens', '1050.00', '0.00', '2019-06-24 01:34:26', '2016-10-28 13:08:05'),
(36, 'clothes', 'LeBron James Men\'s Navy Cleveland Cavaliers adidas', 1, 'p101.jpg', '&lt;p&gt;Prove you are the #1 LeBron James fan with this Swingman jersey from adidas!&amp;nbsp;&lt;/', '3100.00', '0.00', '2019-06-24 01:34:38', '2016-10-28 13:08:52'),
(37, 'clothes', 'NBA Cleveland Cavaliers Kyrie Irving #2 Men\'s Repl', 1, 'p111.jpg', '&lt;p&gt;Detailed to look like a real NBA jersey and priced to make you cheer!&lt;/p&gt;\r\n&lt;p&gt;T', '1380.00', '0.00', '2019-06-24 01:34:51', '2016-10-28 13:09:44'),
(38, 'clothes', 'Kevin Love Cleveland Cavaliers #0 NBA Youth Road J', 1, 'p121.jpg', '&lt;p&gt;Detailed to look like a real NBA jersey, sized for a youth, and priced to make you cheer!&l', '999.00', '0.00', '2019-06-24 01:34:53', '2016-10-28 13:46:06'),
(40, 'clothes', 'For Mens San Antonio Spurs Kawhi Leonard #2 Cream ', 0, 'p131.jpg', '&lt;p&gt;This is 100% mesh polyester breathable and quick-dry jersey.&lt;/p&gt;\r\n&lt;p&gt;Player nam', '960.00', '0.00', '2019-07-11 09:51:11', '2016-11-02 12:15:38'),
(41, 'pants', '品牌重洗水短褲', 2, '1560918951.jpg', '綠色的', '790.00', '0.00', '2019-06-25 04:13:39', '2019-06-19 04:35:51'),
(47, 'pants', '彈性舒適水洗短褲', 8, '1561080629.jpg', '', '790.00', '0.00', '2019-06-25 02:53:00', '2019-06-21 01:30:29'),
(250, 'pants', '小二布屋-短褲 情侶款混織運動休閒棉褲 棉質短褲【PPK81017】', 326, '224705618_0.jpeg', '', '290.00', '363.00', '2019-07-11 03:50:53', '2019-06-25 02:39:44'),
(247, 'pants', '免運1天 Under Armour 安德瑪 UA 男款 運動短褲 運動褲 訓練褲 健身 休閒短褲 慢跑褲 五分褲', 2185, '1562710912_0.jpeg', '', '380.00', '760.00', '2019-07-11 04:00:16', '2019-06-25 02:39:44'),
(246, 'pants', '?質量超贊?超帥！破洞牛仔褲 破壞牛仔褲 合身 小賈斯汀男褲 破褲 牛仔短褲 男士牛仔破褲 男生 日系潮流休閒短褲', 1850, '348650110_0.jpeg', '', '399.00', '599.00', '2019-06-28 02:32:15', '2019-06-25 02:39:44'),
(248, 'pants', '?復古寬鬆5分工裝大口袋短褲? 共4色', 49, '1024155524_0.jpeg', '', '580.00', '0.00', '2019-06-25 02:39:44', '2019-06-25 02:39:44'),
(249, 'pants', 'Champion C85653 短棉褲 4色', 1554, '506716761_0.jpeg', '', '379.00', '1180.00', '2019-06-25 02:39:44', '2019-06-25 02:39:44'),
(245, 'pants', '??50%off 美國折扣網 Nike 不修邊 挺版棉褲', 85, '1401091387_0.jpeg', '', '580.00', '0.00', '2019-06-25 02:39:44', '2019-06-25 02:39:44'),
(242, 'pants', 'ONE DAY 360 透氣棉短褲 短褲 棉褲 寬鬆短褲 寬鬆綿短褲 運動褲 打球褲 籃球褲 休閒褲 棉短褲', 2256, '1816102080_0.jpeg', '', '199.00', '0.00', '2019-06-27 06:43:44', '2019-06-25 02:39:44'),
(243, 'pants', '美式側口袋工作休閒 短褲 長褲 休閒短褲 工作褲 多口袋 加大尺寸30~46腰【M世代】', 12747, '983674627_0.jpeg', '', '399.00', '580.00', '2019-06-25 02:39:44', '2019-06-25 02:39:44'),
(244, 'pants', '現貨?古著LOOK?三分西裝短褲 復古 韓國 街頭 韓風 黑色 極短 膝上 男女 中性 百搭 個性 小版男裝', 13, '288923594_0.jpeg', '', '399.00', '0.00', '2019-06-25 02:39:44', '2019-06-25 02:39:44'),
(241, 'pants', 'Screwme 工裝大口袋多層次設計休閒短褲 (0567)', 924, '1235189437_0.jpeg', '', '464.00', '580.00', '2019-06-25 02:39:44', '2019-06-25 02:39:44'),
(239, 'pants', '【完美剪裁】完美剪裁獨家訂做 夏季爆款運動休閒褲 P3003', 1448, '262687735_0.jpeg', '', '99.00', '290.00', '2019-06-25 02:39:44', '2019-06-25 02:39:44'),
(240, 'pants', '彈性休閒五分短褲 【10039】', 1797972, '374469790_0.jpeg', '', '195.00', '299.00', '2019-06-25 02:39:44', '2019-06-25 02:39:44'),
(237, 'pants', '【超高質量】青年男士夏季韓國INS原宿BF風百搭復古素色經典大尺碼寬鬆男女學生運動休閒短褲 五分短褲 正韓褲子 海外直送', 17311, '1002233219_0.jpeg', '', '129.00', '206.00', '2019-06-25 02:39:44', '2019-06-25 02:39:44'),
(238, 'pants', '✈夏季特價 欲購從速✈ Nike  運動短褲 短褲 NIKE短褲 五分褲休閒短褲 男生短褲', 625, '950732893_0.jpeg', '', '299.00', '400.00', '2019-06-25 02:39:44', '2019-06-25 02:39:44'),
(236, 'pants', 'Champion C85653 棉質短褲 《J.Y》街頭必備 休閒褲 短褲 運動短褲 棉褲 四色可選', 183, '999386508_0.jpeg', '', '369.00', '499.00', '2019-06-25 02:39:44', '2019-06-25 02:39:44'),
(235, 'pants', '99免運 現貨余文樂褲子青年寬松工裝褲男士休閒短褲男夏天韓版運動休閒褲學生款休閑短褲五分褲中褲男膝上短褲', 619, '371316640_0.jpeg', '', '440.00', '0.00', '2019-06-25 02:39:44', '2019-06-25 02:39:44'),
(234, 'pants', '夏季港風潮流男士寬鬆五分褲子韓版沙灘黑色休閒大碼短褲 素色短褲  膝上短褲 男生短褲', 1309, '1329802743_0.jpeg', '', '198.00', '279.00', '2019-06-25 02:39:44', '2019-06-25 02:39:44'),
(232, 'pants', '免運費?真的必買?台灣現貨 ?? 經典抓破 牛仔短褲 刷破牛仔短褲 休閒褲 破褲 牛仔短褲 短褲 牛仔褲（五色）', 580, '506001_0.jpeg', '', '393.00', '690.00', '2019-06-25 02:39:44', '2019-06-25 02:39:44'),
(233, 'pants', '男生短褲 素色短褲 膝上短褲 男生色褲 鬆緊帶休閒短褲 現貨【六色可選】【M-4XL】', 2593, '405748686_0.jpeg', '', '99.00', '138.00', '2019-06-25 02:39:44', '2019-06-25 02:39:44'),
(229, 'pants', 'KS▸Sneaker Mob SNEAKER COVER 黑色 白色 2色 防滑 防雨鞋套 防水 鞋套 雨鞋 一組', 1244, '1995145693_0.jpeg', '', '380.00', '0.00', '2019-06-28 02:35:18', '2019-06-25 02:39:44'),
(230, 'pants', '【現貨】??實拍韓版春夏新款原宿風黑白棋盤休閒寬鬆五分短褲學生運動褲男女情侶款', 1302, '993706732_0.jpeg', '', '195.00', '325.00', '2019-06-25 02:39:44', '2019-06-25 02:39:44'),
(228, 'pants', '?台灣出貨【999免運】?【五種款式】復古刷破仿舊牛仔短褲 五分短褲 膝上短褲 加大尺碼 【28~38】', 641, '19216518_0.jpeg', '', '199.00', '385.00', '2019-07-11 03:59:42', '2019-06-25 02:39:44'),
(231, 'pants', '836278 零碼出清 薄款 Nike aw77 ALUMNI 2018 耐吉 短棉褲 運動短褲 休閒短褲 五分短褲', 593, '1193024466_0.jpeg', '', '299.00', '598.00', '2019-07-11 04:00:41', '2019-06-25 02:39:44'),
(227, 'pants', 'Xin Store?Nike Jersey Shorts 小字勾 短褲 灰 深藍', 35, '318367702_0.jpeg', '', '880.00', '0.00', '2019-06-25 02:39:44', '2019-06-25 02:39:44'),
(226, 'pants', '❤️現貨❤️韓國 黑白格子 棋盤格松緊短褲 百搭 男女情侶五分褲 複古格子', 834, '312591976_0.jpeg', '', '199.00', '499.00', '2019-06-25 02:39:44', '2019-06-25 02:39:44'),
(225, 'pants', '【限時免運】【下殺三件599，點讚送襪子】ODM男士 休閒拉鍊運動棉短褲 休閒褲 素面短褲 棉褲 運動短褲 多色 五分褲', 8724, '2030626283_0.jpeg', '', '199.00', '548.00', '2019-06-25 02:39:44', '2019-06-25 02:39:44'),
(223, 'pants', '?夏季大折扣?Nike男款運動短褲五分褲及不修邊大LOGO', 395, '154316426_0.jpeg', '', '290.00', '450.00', '2019-06-25 02:39:44', '2019-06-25 02:39:44'),
(224, 'pants', '【現貨】彈性耐磨短褲  IFOA 【10039】', 179715, '56399410_0.jpeg', '', '399.00', '0.00', '2019-06-28 02:33:48', '2019-06-25 02:39:44'),
(220, 'pants', 'RECORD 基本 素面 棉短褲【UNO STORE】', 355, '798138610_0.jpeg', '', '250.00', '580.00', '2019-06-25 02:39:44', '2019-06-25 02:39:44'),
(221, 'pants', '【JKS】春夏新款 山系OUTDOOR風格 Ripstop 抗撕裂 格子布料 軍裝 拼接 軍事五分短褲 [OB161]', 6, '2061899786_0.jpeg', '', '680.00', '0.00', '2019-06-25 02:39:44', '2019-06-25 02:39:44'),
(222, 'pants', 'Adidas 愛迪達 三葉草 純棉 透氣 休閒運動褲 五分短褲 男女 短褲 情侶短褲  學生褲子', 729, '1136659912_0.jpeg', '', '350.00', '0.00', '2019-06-28 02:37:49', '2019-06-25 02:39:44'),
(219, 'pants', '(現貨不用等)復古風～破洞牛仔短褲　韓版修身褲　直筒休閒五分褲 休閒短褲 休閒褲 牛仔褲', 1078, '40508041_0.jpeg', '', '220.00', '0.00', '2019-06-28 02:32:15', '2019-06-25 02:39:44'),
(218, 'pants', '日系港風經典款格子百搭短褲男士時尚休閒五分短褲寬鬆大尺碼短褲學生最愛學院風夏季必備透氣舒適夏裝寬松休閑中褲青年潮品五分褲', 9093, '1126494515_0.jpeg', '', '154.00', '192.00', '2019-06-25 02:39:44', '2019-06-25 02:39:44'),
(216, 'pants', 'ins原宿港味黑白字母印花寬鬆舒適男女情侶直筒情侶休閒褲春夏時尚百搭韓版清新青年男褲鬆緊褲潮流運動休閒短褲薄款透氣五分褲', 10357, '1035040374_0.jpeg', '', '158.00', '210.00', '2019-06-25 02:39:44', '2019-06-25 02:39:44'),
(217, 'pants', '【豬豬老闆】ADIDAS ESSENTIALS 黑 白 字母LOGO 排汗 透氣 運動 休閒 短褲 男', 5, '318703618_0.jpeg', '', '980.00', '0.00', '2019-06-28 02:40:33', '2019-06-25 02:39:44'),
(214, 'pants', '3天後漲【1條139】Adidas 愛迪達短褲 男女短褲 五分褲 大尺碼短褲 運動短褲速乾褲 NIKE 彪馬UA男生短褲', 15845, '2163966969_0.jpeg', '', '120.00', '0.00', '2019-06-25 02:39:44', '2019-06-25 02:39:44'),
(215, 'pants', '【現貨 免運費！球星經典同款】彈力運動褲 籃球褲 附拉鍊口袋 球褲 運動短褲休閒短褲 運動服 男運控褲 男生衣著#捕夢網', 9986, '120716386_0.jpeg', '', '269.00', '431.00', '2019-07-11 04:00:41', '2019-06-25 02:39:44'),
(213, 'pants', '現貨發售中?經典鬆緊休閒短褲?七色可選 大尺碼 短褲 五分褲 休閒褲 膝上短褲 休閒短褲 五分短褲 男褲 男生衣著', 2316, '313161322_0.jpeg', '', '118.00', '0.00', '2019-06-25 02:39:44', '2019-06-25 02:39:44'),
(211, 'pants', '夏季短褲 M-4XL 男生短褲格子短褲 薄款五分褲 大碼男士中褲 休閑褲 直筒5分熱褲 夏季沙灘中褲 韓版鬆緊抽繩男褲', 714, '1173160005_0.jpeg', '', '129.00', '315.00', '2019-06-25 02:39:44', '2019-06-25 02:39:44'),
(212, 'pants', '《台灣現貨不用等》日系夏季亞麻五分褲男士短褲修身直筒棉麻鬆緊帶休閒褲5分沙灘褲', 743, '309627012_0.jpeg', '', '160.00', '299.00', '2019-06-25 02:39:44', '2019-06-25 02:39:44'),
(210, 'pants', '情侶短褲 素色短褲 膝上短褲 男生色褲 女生短褲 鬆緊帶休閒短褲 現貨【11色可選】【M-5XL】', 3365, '1188269714_0.jpeg', '', '98.00', '139.00', '2019-06-25 02:39:44', '2019-06-25 02:39:44'),
(208, 'pants', '現貨！！　 六色   工作短褲  /  百搭褲 五分褲  男 短褲 褲子 薄款 五分褲  休閒褲 男生 工作褲', 52, '123843668_0.jpeg', '', '198.00', '0.00', '2019-06-25 02:39:44', '2019-06-25 02:39:44'),
(209, 'pants', '【抗起球】 夏季短版 男生亞麻短褲百搭休閒棉麻短褲 韓版寬鬆五分褲  膝上短褲 大尺碼沙灘褲 工作褲 正韓褲子 男生衣著', 6618, '2018687561_0.jpeg', '', '79.00', '199.00', '2019-06-25 02:39:44', '2019-06-25 02:39:44'),
(207, 'pants', '一件免運 多件優惠 Adidas 經典 三線 黑白 休閒短褲 五分短褲 運動短褲 男生短褲', 2149, '1767674842_0.jpeg', '', '350.00', '0.00', '2019-06-25 02:39:44', '2019-06-25 02:39:44'),
(205, 'pants', '好評熱銷 運動棉褲 美式JOGGER SHORTS 純色重磅 毛巾布搭配抽繩腰圍 運動休閒短褲 男生短褲', 561, '233425240_0.jpeg', '', '350.00', '0.00', '2019-06-25 02:39:44', '2019-06-25 02:39:44'),
(206, 'pants', 'ONE DAY 360 透氣棉短褲 短褲 棉褲 寬鬆短褲 寬鬆綿短褲 運動褲 籃球褲 休閒褲 棉短褲', 36870, '1816141209_0.jpeg', '', '149.00', '199.00', '2019-06-25 02:39:44', '2019-06-25 02:39:44'),
(203, 'pants', '特價出清【118一條】Adidas 愛迪達短褲 男女短褲 五分褲 大尺碼短褲 運動短褲 安德瑪速乾褲 NIKE 彪馬UA', 15686, '2052194079_0.jpeg', '', '118.00', '0.00', '2019-06-25 02:39:44', '2019-06-25 02:39:44'),
(204, 'pants', '【28-44】現貨 休閒短褲 牛仔褲子 街頭破壞丹寧 男牛仔短褲 夏韓版直筒破洞短褲膝上 五分褲  淺色休閒褲 破褲男生', 13098, '1008407779_0.jpeg', '', '299.00', '0.00', '2019-06-25 02:39:44', '2019-06-25 02:39:44'),
(202, 'pants', '♥️快速出貨♥️ 牛仔短褲 5分褲 破洞 個性韓版修身中褲 五分牛仔褲', 11191, '315500474_0.jpeg', '', '283.00', '333.00', '2019-06-25 02:39:44', '2019-06-25 02:39:44'),
(201, 'pants', '?超人氣 破壞 牛仔短褲?《穿搭空間》微刷色 五分褲 破壞牛仔短褲 牛仔破褲 牛仔褲 膝上短褲（五色）', 985, '22417600_0.jpeg', '', '388.00', '580.00', '2019-06-25 02:39:44', '2019-06-25 02:39:44'),
(251, 'clothes', 'test', 5, '1562899252.jpeg', 'heeeeeeeeeeee', '0.00', '200.00', '2019-07-12 02:40:52', '2019-07-12 02:40:52'),
(252, 'pants', '07120349', 3, '1562917798.jpeg', 'g', '777.00', '0.00', '2019-07-12 07:49:58', '2019-07-12 07:49:58'),
(253, 'pants', '07121551', 1000, '1562917906.jpeg', 'wewe', '0.00', '1000.00', '2019-07-12 07:51:46', '2019-07-12 07:51:46'),
(254, 'pants', 'test', 3, '1563351957.jpeg', '2424', '0.00', '777.00', '2019-07-17 08:25:57', '2019-07-17 08:25:57');

-- --------------------------------------------------------

--
-- 資料表結構 `product_images`
--

CREATE TABLE `product_images` (
  `id` int(10) NOT NULL,
  `product_id` int(10) NOT NULL,
  `image` varchar(20) NOT NULL,
  `created_at` timestamp NOT NULL DEFAULT CURRENT_TIMESTAMP,
  `updated_at` timestamp NOT NULL DEFAULT CURRENT_TIMESTAMP ON UPDATE CURRENT_TIMESTAMP
) ENGINE=MyISAM DEFAULT CHARSET=utf8 COMMENT='image files related to a product';

--
-- 傾印資料表的資料 `product_images`
--

INSERT INTO `product_images` (`id`, `product_id`, `image`, `created_at`, `updated_at`) VALUES
(83, 30, 'p41.jpg', '2016-10-28 12:58:02', '2016-10-28 12:58:02'),
(82, 29, 'p32.jpg', '2016-10-28 12:56:23', '2016-10-28 12:56:23'),
(81, 29, 'p31.jpg', '2016-10-28 12:56:23', '2016-10-28 12:56:23'),
(80, 28, 'p22.jpg', '2016-10-28 12:52:43', '2016-10-28 12:52:43'),
(79, 28, 'p21.jpg', '2016-10-28 12:52:43', '2016-10-28 12:52:43'),
(77, 27, 'p11.jpg', '2016-10-28 12:49:40', '2016-10-28 12:49:40'),
(78, 27, 'p12.jpg', '2016-10-28 12:49:40', '2016-10-28 12:49:40'),
(84, 31, 'p51.jpg', '2016-10-28 12:59:20', '2016-10-28 12:59:20'),
(85, 31, 'p52.jpg', '2016-10-28 12:59:20', '2016-10-28 12:59:20'),
(86, 32, 'p61.jpg', '2016-10-28 13:03:19', '2016-10-28 13:03:19'),
(87, 32, 'p62.jpg', '2016-10-28 13:03:19', '2016-10-28 13:03:19'),
(89, 33, 'p71.jpg', '2016-10-28 13:05:30', '2016-10-28 13:05:30'),
(90, 33, 'p72.jpg', '2016-10-28 13:05:30', '2016-10-28 13:05:30'),
(91, 34, 'p81.jpg', '2016-10-28 13:06:34', '2016-10-28 13:06:34'),
(92, 34, 'p82.jpg', '2016-10-28 13:06:34', '2016-10-28 13:06:34'),
(93, 34, 'p83.jpg', '2016-10-28 13:06:34', '2016-10-28 13:06:34'),
(94, 35, 'p91.jpg', '2016-10-28 13:08:05', '2016-10-28 13:08:05'),
(95, 35, 'p92.jpg', '2016-10-28 13:08:05', '2016-10-28 13:08:05'),
(96, 36, 'p101.jpg', '2016-10-28 13:08:52', '2016-10-28 13:08:52'),
(97, 36, 'p102.jpg', '2016-10-28 13:08:52', '2016-10-28 13:08:52'),
(98, 36, 'p103.jpg', '2016-10-28 13:08:52', '2016-10-28 13:08:52'),
(99, 37, 'p111.jpg', '2016-10-28 13:09:44', '2016-10-28 13:09:44'),
(100, 37, 'p112.jpg', '2016-10-28 13:09:44', '2016-10-28 13:09:44'),
(101, 37, 'p113.jpg', '2016-10-28 13:09:44', '2016-10-28 13:09:44'),
(102, 38, 'p121.jpg', '2016-10-28 13:46:06', '2016-10-28 13:46:06'),
(103, 38, 'p122.jpg', '2016-10-28 13:46:06', '2016-10-28 13:46:06'),
(104, 40, 'p131.jpg', '2016-11-02 12:15:38', '2016-11-02 12:15:38'),
(51, 14, 'gardman-r687-4-tier-', '0000-00-00 00:00:00', '2015-03-19 08:45:42'),
(52, 14, 'gardman-r687-4-tier-', '0000-00-00 00:00:00', '2015-03-19 08:45:42'),
(53, 15, 'spalding-nba-street-', '0000-00-00 00:00:00', '2015-03-19 08:48:34'),
(54, 16, 'bandai-hobby-thousan', '0000-00-00 00:00:00', '2015-03-19 09:02:25'),
(55, 16, 'bandai-hobby-thousan', '0000-00-00 00:00:00', '2015-03-19 09:02:25'),
(56, 16, 'bandai-hobby-thousan', '0000-00-00 00:00:00', '2015-03-19 09:02:25'),
(57, 16, 'bandai-hobby-thousan', '0000-00-00 00:00:00', '2015-03-19 09:02:25'),
(59, 17, 'bandai-tamashii-nati', '0000-00-00 00:00:00', '2015-03-19 09:07:20'),
(73, 17, '29097235540_b2fefed8', '2016-09-17 14:01:17', '2016-09-17 14:01:17'),
(74, 25, '14194449_13638849336', '2016-09-17 17:03:15', '2016-09-17 17:03:15'),
(61, 17, 'bandai-tamashii-nati', '0000-00-00 00:00:00', '2015-03-19 09:07:20'),
(71, 17, 'bandai-tamashii-nati', '2016-08-17 07:53:17', '2016-08-17 07:53:17'),
(67, 19, 'products.jpg', '0000-00-00 00:00:00', '2015-03-26 03:29:34'),
(69, 20, 'tp-link-mr3420-2.jpg', '2016-08-08 06:12:59', '2016-08-08 06:12:59'),
(70, 21, 'd-link-universal-mod', '2016-08-08 06:24:19', '2016-08-08 06:24:19'),
(75, 25, '29097235540_b2fefed8', '2016-09-17 17:03:15', '2016-09-17 17:03:15'),
(76, 20, 'aaa.png', '2016-10-13 08:31:58', '2016-10-13 08:31:58'),
(22516, 250, '224705618_10.jpeg', '2019-06-25 02:39:44', '2019-06-25 02:39:44'),
(22515, 250, '224705618_9.jpeg', '2019-06-25 02:39:44', '2019-06-25 02:39:44'),
(22514, 250, '224705618_8.jpeg', '2019-06-25 02:39:44', '2019-06-25 02:39:44'),
(22513, 250, '224705618_7.jpeg', '2019-06-25 02:39:44', '2019-06-25 02:39:44'),
(22512, 250, '224705618_6.jpeg', '2019-06-25 02:39:44', '2019-06-25 02:39:44'),
(22511, 250, '224705618_5.jpeg', '2019-06-25 02:39:44', '2019-06-25 02:39:44'),
(22510, 250, '224705618_4.jpeg', '2019-06-25 02:39:44', '2019-06-25 02:39:44'),
(22509, 250, '224705618_3.jpeg', '2019-06-25 02:39:44', '2019-06-25 02:39:44'),
(22508, 250, '224705618_2.jpeg', '2019-06-25 02:39:44', '2019-06-25 02:39:44'),
(22507, 250, '224705618_1.jpeg', '2019-06-25 02:39:44', '2019-06-25 02:39:44'),
(22506, 250, '224705618_0.jpeg', '2019-06-25 02:39:44', '2019-06-25 02:39:44'),
(22505, 249, '506716761_8.jpeg', '2019-06-25 02:39:44', '2019-06-25 02:39:44'),
(22504, 249, '506716761_7.jpeg', '2019-06-25 02:39:44', '2019-06-25 02:39:44'),
(22503, 249, '506716761_6.jpeg', '2019-06-25 02:39:44', '2019-06-25 02:39:44'),
(22502, 249, '506716761_5.jpeg', '2019-06-25 02:39:44', '2019-06-25 02:39:44'),
(22501, 249, '506716761_4.jpeg', '2019-06-25 02:39:44', '2019-06-25 02:39:44'),
(22500, 249, '506716761_3.jpeg', '2019-06-25 02:39:44', '2019-06-25 02:39:44'),
(22499, 249, '506716761_2.jpeg', '2019-06-25 02:39:44', '2019-06-25 02:39:44'),
(22498, 249, '506716761_1.jpeg', '2019-06-25 02:39:44', '2019-06-25 02:39:44'),
(22497, 249, '506716761_0.jpeg', '2019-06-25 02:39:44', '2019-06-25 02:39:44'),
(22496, 248, '1024155524_8.jpeg', '2019-06-25 02:39:44', '2019-06-25 02:39:44'),
(22495, 248, '1024155524_7.jpeg', '2019-06-25 02:39:44', '2019-06-25 02:39:44'),
(22494, 248, '1024155524_6.jpeg', '2019-06-25 02:39:44', '2019-06-25 02:39:44'),
(22493, 248, '1024155524_5.jpeg', '2019-06-25 02:39:44', '2019-06-25 02:39:44'),
(22492, 248, '1024155524_4.jpeg', '2019-06-25 02:39:44', '2019-06-25 02:39:44'),
(22491, 248, '1024155524_3.jpeg', '2019-06-25 02:39:44', '2019-06-25 02:39:44'),
(22490, 248, '1024155524_2.jpeg', '2019-06-25 02:39:44', '2019-06-25 02:39:44'),
(22489, 248, '1024155524_1.jpeg', '2019-06-25 02:39:44', '2019-06-25 02:39:44'),
(22488, 248, '1024155524_0.jpeg', '2019-06-25 02:39:44', '2019-06-25 02:39:44'),
(22487, 247, '1562710912_8.jpeg', '2019-06-25 02:39:44', '2019-06-25 02:39:44'),
(22486, 247, '1562710912_7.jpeg', '2019-06-25 02:39:44', '2019-06-25 02:39:44'),
(22485, 247, '1562710912_6.jpeg', '2019-06-25 02:39:44', '2019-06-25 02:39:44'),
(22484, 247, '1562710912_5.jpeg', '2019-06-25 02:39:44', '2019-06-25 02:39:44'),
(22483, 247, '1562710912_4.jpeg', '2019-06-25 02:39:44', '2019-06-25 02:39:44'),
(22482, 247, '1562710912_3.jpeg', '2019-06-25 02:39:44', '2019-06-25 02:39:44'),
(22481, 247, '1562710912_2.jpeg', '2019-06-25 02:39:44', '2019-06-25 02:39:44'),
(22480, 247, '1562710912_1.jpeg', '2019-06-25 02:39:44', '2019-06-25 02:39:44'),
(22479, 247, '1562710912_0.jpeg', '2019-06-25 02:39:44', '2019-06-25 02:39:44'),
(22478, 246, '348650110_8.jpeg', '2019-06-25 02:39:44', '2019-06-25 02:39:44'),
(22477, 246, '348650110_7.jpeg', '2019-06-25 02:39:44', '2019-06-25 02:39:44'),
(22476, 246, '348650110_6.jpeg', '2019-06-25 02:39:44', '2019-06-25 02:39:44'),
(22475, 246, '348650110_5.jpeg', '2019-06-25 02:39:44', '2019-06-25 02:39:44'),
(22474, 246, '348650110_4.jpeg', '2019-06-25 02:39:44', '2019-06-25 02:39:44'),
(22473, 246, '348650110_3.jpeg', '2019-06-25 02:39:44', '2019-06-25 02:39:44'),
(22472, 246, '348650110_2.jpeg', '2019-06-25 02:39:44', '2019-06-25 02:39:44'),
(22471, 246, '348650110_1.jpeg', '2019-06-25 02:39:44', '2019-06-25 02:39:44'),
(22470, 246, '348650110_0.jpeg', '2019-06-25 02:39:44', '2019-06-25 02:39:44'),
(22469, 245, '1401091387_8.jpeg', '2019-06-25 02:39:44', '2019-06-25 02:39:44'),
(22468, 245, '1401091387_7.jpeg', '2019-06-25 02:39:44', '2019-06-25 02:39:44'),
(22467, 245, '1401091387_6.jpeg', '2019-06-25 02:39:44', '2019-06-25 02:39:44'),
(22466, 245, '1401091387_5.jpeg', '2019-06-25 02:39:44', '2019-06-25 02:39:44'),
(22465, 245, '1401091387_4.jpeg', '2019-06-25 02:39:44', '2019-06-25 02:39:44'),
(22464, 245, '1401091387_3.jpeg', '2019-06-25 02:39:44', '2019-06-25 02:39:44'),
(22463, 245, '1401091387_2.jpeg', '2019-06-25 02:39:44', '2019-06-25 02:39:44'),
(22462, 245, '1401091387_1.jpeg', '2019-06-25 02:39:44', '2019-06-25 02:39:44'),
(22461, 245, '1401091387_0.jpeg', '2019-06-25 02:39:44', '2019-06-25 02:39:44'),
(22460, 244, '288923594_6.jpeg', '2019-06-25 02:39:44', '2019-06-25 02:39:44'),
(22459, 244, '288923594_5.jpeg', '2019-06-25 02:39:44', '2019-06-25 02:39:44'),
(22458, 244, '288923594_4.jpeg', '2019-06-25 02:39:44', '2019-06-25 02:39:44'),
(22457, 244, '288923594_3.jpeg', '2019-06-25 02:39:44', '2019-06-25 02:39:44'),
(22456, 244, '288923594_2.jpeg', '2019-06-25 02:39:44', '2019-06-25 02:39:44'),
(22455, 244, '288923594_1.jpeg', '2019-06-25 02:39:44', '2019-06-25 02:39:44'),
(22454, 244, '288923594_0.jpeg', '2019-06-25 02:39:44', '2019-06-25 02:39:44'),
(22453, 243, '983674627_8.jpeg', '2019-06-25 02:39:44', '2019-06-25 02:39:44'),
(22452, 243, '983674627_7.jpeg', '2019-06-25 02:39:44', '2019-06-25 02:39:44'),
(22451, 243, '983674627_6.jpeg', '2019-06-25 02:39:44', '2019-06-25 02:39:44'),
(22450, 243, '983674627_5.jpeg', '2019-06-25 02:39:44', '2019-06-25 02:39:44'),
(22449, 243, '983674627_4.jpeg', '2019-06-25 02:39:44', '2019-06-25 02:39:44'),
(22448, 243, '983674627_3.jpeg', '2019-06-25 02:39:44', '2019-06-25 02:39:44'),
(22447, 243, '983674627_2.jpeg', '2019-06-25 02:39:44', '2019-06-25 02:39:44'),
(22446, 243, '983674627_1.jpeg', '2019-06-25 02:39:44', '2019-06-25 02:39:44'),
(22445, 243, '983674627_0.jpeg', '2019-06-25 02:39:44', '2019-06-25 02:39:44'),
(22444, 242, '1816102080_6.jpeg', '2019-06-25 02:39:44', '2019-06-25 02:39:44'),
(22443, 242, '1816102080_5.jpeg', '2019-06-25 02:39:44', '2019-06-25 02:39:44'),
(22442, 242, '1816102080_4.jpeg', '2019-06-25 02:39:44', '2019-06-25 02:39:44'),
(22441, 242, '1816102080_3.jpeg', '2019-06-25 02:39:44', '2019-06-25 02:39:44'),
(22440, 242, '1816102080_2.jpeg', '2019-06-25 02:39:44', '2019-06-25 02:39:44'),
(22439, 242, '1816102080_1.jpeg', '2019-06-25 02:39:44', '2019-06-25 02:39:44'),
(22438, 242, '1816102080_0.jpeg', '2019-06-25 02:39:44', '2019-06-25 02:39:44'),
(22437, 241, '1235189437_8.jpeg', '2019-06-25 02:39:44', '2019-06-25 02:39:44'),
(22436, 241, '1235189437_7.jpeg', '2019-06-25 02:39:44', '2019-06-25 02:39:44'),
(22435, 241, '1235189437_6.jpeg', '2019-06-25 02:39:44', '2019-06-25 02:39:44'),
(22434, 241, '1235189437_5.jpeg', '2019-06-25 02:39:44', '2019-06-25 02:39:44'),
(22433, 241, '1235189437_4.jpeg', '2019-06-25 02:39:44', '2019-06-25 02:39:44'),
(22432, 241, '1235189437_3.jpeg', '2019-06-25 02:39:44', '2019-06-25 02:39:44'),
(22431, 241, '1235189437_2.jpeg', '2019-06-25 02:39:44', '2019-06-25 02:39:44'),
(22430, 241, '1235189437_1.jpeg', '2019-06-25 02:39:44', '2019-06-25 02:39:44'),
(22429, 241, '1235189437_0.jpeg', '2019-06-25 02:39:44', '2019-06-25 02:39:44'),
(22428, 240, '374469790_11.jpeg', '2019-06-25 02:39:44', '2019-06-25 02:39:44'),
(22427, 240, '374469790_10.jpeg', '2019-06-25 02:39:44', '2019-06-25 02:39:44'),
(22426, 240, '374469790_9.jpeg', '2019-06-25 02:39:44', '2019-06-25 02:39:44'),
(22425, 240, '374469790_8.jpeg', '2019-06-25 02:39:44', '2019-06-25 02:39:44'),
(22424, 240, '374469790_7.jpeg', '2019-06-25 02:39:44', '2019-06-25 02:39:44'),
(22423, 240, '374469790_6.jpeg', '2019-06-25 02:39:44', '2019-06-25 02:39:44'),
(22422, 240, '374469790_5.jpeg', '2019-06-25 02:39:44', '2019-06-25 02:39:44'),
(22421, 240, '374469790_4.jpeg', '2019-06-25 02:39:44', '2019-06-25 02:39:44'),
(22420, 240, '374469790_3.jpeg', '2019-06-25 02:39:44', '2019-06-25 02:39:44'),
(22419, 240, '374469790_2.jpeg', '2019-06-25 02:39:44', '2019-06-25 02:39:44'),
(22418, 240, '374469790_1.jpeg', '2019-06-25 02:39:44', '2019-06-25 02:39:44'),
(22417, 240, '374469790_0.jpeg', '2019-06-25 02:39:44', '2019-06-25 02:39:44'),
(22416, 239, '262687735_9.jpeg', '2019-06-25 02:39:44', '2019-06-25 02:39:44'),
(22415, 239, '262687735_8.jpeg', '2019-06-25 02:39:44', '2019-06-25 02:39:44'),
(22414, 239, '262687735_7.jpeg', '2019-06-25 02:39:44', '2019-06-25 02:39:44'),
(22413, 239, '262687735_6.jpeg', '2019-06-25 02:39:44', '2019-06-25 02:39:44'),
(22412, 239, '262687735_5.jpeg', '2019-06-25 02:39:44', '2019-06-25 02:39:44'),
(22411, 239, '262687735_4.jpeg', '2019-06-25 02:39:44', '2019-06-25 02:39:44'),
(22410, 239, '262687735_3.jpeg', '2019-06-25 02:39:44', '2019-06-25 02:39:44'),
(22409, 239, '262687735_2.jpeg', '2019-06-25 02:39:44', '2019-06-25 02:39:44'),
(22408, 239, '262687735_1.jpeg', '2019-06-25 02:39:44', '2019-06-25 02:39:44'),
(22407, 239, '262687735_0.jpeg', '2019-06-25 02:39:44', '2019-06-25 02:39:44'),
(22406, 238, '950732893_6.jpeg', '2019-06-25 02:39:44', '2019-06-25 02:39:44'),
(22405, 238, '950732893_5.jpeg', '2019-06-25 02:39:44', '2019-06-25 02:39:44'),
(22404, 238, '950732893_4.jpeg', '2019-06-25 02:39:44', '2019-06-25 02:39:44'),
(22403, 238, '950732893_3.jpeg', '2019-06-25 02:39:44', '2019-06-25 02:39:44'),
(22402, 238, '950732893_2.jpeg', '2019-06-25 02:39:44', '2019-06-25 02:39:44'),
(22401, 238, '950732893_1.jpeg', '2019-06-25 02:39:44', '2019-06-25 02:39:44'),
(22400, 238, '950732893_0.jpeg', '2019-06-25 02:39:44', '2019-06-25 02:39:44'),
(22399, 237, '1002233219_8.jpeg', '2019-06-25 02:39:44', '2019-06-25 02:39:44'),
(22398, 237, '1002233219_7.jpeg', '2019-06-25 02:39:44', '2019-06-25 02:39:44'),
(22397, 237, '1002233219_6.jpeg', '2019-06-25 02:39:44', '2019-06-25 02:39:44'),
(22396, 237, '1002233219_5.jpeg', '2019-06-25 02:39:44', '2019-06-25 02:39:44'),
(22395, 237, '1002233219_4.jpeg', '2019-06-25 02:39:44', '2019-06-25 02:39:44'),
(22394, 237, '1002233219_3.jpeg', '2019-06-25 02:39:44', '2019-06-25 02:39:44'),
(22393, 237, '1002233219_2.jpeg', '2019-06-25 02:39:44', '2019-06-25 02:39:44'),
(22392, 237, '1002233219_1.jpeg', '2019-06-25 02:39:44', '2019-06-25 02:39:44'),
(22391, 237, '1002233219_0.jpeg', '2019-06-25 02:39:44', '2019-06-25 02:39:44'),
(22390, 236, '999386508_7.jpeg', '2019-06-25 02:39:44', '2019-06-25 02:39:44'),
(22389, 236, '999386508_6.jpeg', '2019-06-25 02:39:44', '2019-06-25 02:39:44'),
(22388, 236, '999386508_5.jpeg', '2019-06-25 02:39:44', '2019-06-25 02:39:44'),
(22387, 236, '999386508_4.jpeg', '2019-06-25 02:39:44', '2019-06-25 02:39:44'),
(22386, 236, '999386508_3.jpeg', '2019-06-25 02:39:44', '2019-06-25 02:39:44'),
(22385, 236, '999386508_2.jpeg', '2019-06-25 02:39:44', '2019-06-25 02:39:44'),
(22384, 236, '999386508_1.jpeg', '2019-06-25 02:39:44', '2019-06-25 02:39:44'),
(22383, 236, '999386508_0.jpeg', '2019-06-25 02:39:44', '2019-06-25 02:39:44'),
(22382, 235, '371316640_8.jpeg', '2019-06-25 02:39:44', '2019-06-25 02:39:44'),
(22381, 235, '371316640_7.jpeg', '2019-06-25 02:39:44', '2019-06-25 02:39:44'),
(22380, 235, '371316640_6.jpeg', '2019-06-25 02:39:44', '2019-06-25 02:39:44'),
(22379, 235, '371316640_5.jpeg', '2019-06-25 02:39:44', '2019-06-25 02:39:44'),
(22378, 235, '371316640_4.jpeg', '2019-06-25 02:39:44', '2019-06-25 02:39:44'),
(22377, 235, '371316640_3.jpeg', '2019-06-25 02:39:44', '2019-06-25 02:39:44'),
(22376, 235, '371316640_2.jpeg', '2019-06-25 02:39:44', '2019-06-25 02:39:44'),
(22375, 235, '371316640_1.jpeg', '2019-06-25 02:39:44', '2019-06-25 02:39:44'),
(22374, 235, '371316640_0.jpeg', '2019-06-25 02:39:44', '2019-06-25 02:39:44'),
(22373, 234, '1329802743_8.jpeg', '2019-06-25 02:39:44', '2019-06-25 02:39:44'),
(22372, 234, '1329802743_7.jpeg', '2019-06-25 02:39:44', '2019-06-25 02:39:44'),
(22371, 234, '1329802743_6.jpeg', '2019-06-25 02:39:44', '2019-06-25 02:39:44'),
(22370, 234, '1329802743_5.jpeg', '2019-06-25 02:39:44', '2019-06-25 02:39:44'),
(22369, 234, '1329802743_4.jpeg', '2019-06-25 02:39:44', '2019-06-25 02:39:44'),
(22368, 234, '1329802743_3.jpeg', '2019-06-25 02:39:44', '2019-06-25 02:39:44'),
(22367, 234, '1329802743_2.jpeg', '2019-06-25 02:39:44', '2019-06-25 02:39:44'),
(22366, 234, '1329802743_1.jpeg', '2019-06-25 02:39:44', '2019-06-25 02:39:44'),
(22365, 234, '1329802743_0.jpeg', '2019-06-25 02:39:44', '2019-06-25 02:39:44'),
(22364, 233, '405748686_7.jpeg', '2019-06-25 02:39:44', '2019-06-25 02:39:44'),
(22363, 233, '405748686_6.jpeg', '2019-06-25 02:39:44', '2019-06-25 02:39:44'),
(22362, 233, '405748686_5.jpeg', '2019-06-25 02:39:44', '2019-06-25 02:39:44'),
(22361, 233, '405748686_4.jpeg', '2019-06-25 02:39:44', '2019-06-25 02:39:44'),
(22360, 233, '405748686_3.jpeg', '2019-06-25 02:39:44', '2019-06-25 02:39:44'),
(22359, 233, '405748686_2.jpeg', '2019-06-25 02:39:44', '2019-06-25 02:39:44'),
(22358, 233, '405748686_1.jpeg', '2019-06-25 02:39:44', '2019-06-25 02:39:44'),
(22357, 233, '405748686_0.jpeg', '2019-06-25 02:39:44', '2019-06-25 02:39:44'),
(22356, 232, '506001_8.jpeg', '2019-06-25 02:39:44', '2019-06-25 02:39:44'),
(22355, 232, '506001_7.jpeg', '2019-06-25 02:39:44', '2019-06-25 02:39:44'),
(22354, 232, '506001_6.jpeg', '2019-06-25 02:39:44', '2019-06-25 02:39:44'),
(22353, 232, '506001_5.jpeg', '2019-06-25 02:39:44', '2019-06-25 02:39:44'),
(22352, 232, '506001_4.jpeg', '2019-06-25 02:39:44', '2019-06-25 02:39:44'),
(22351, 232, '506001_3.jpeg', '2019-06-25 02:39:44', '2019-06-25 02:39:44'),
(22350, 232, '506001_2.jpeg', '2019-06-25 02:39:44', '2019-06-25 02:39:44'),
(22349, 232, '506001_1.jpeg', '2019-06-25 02:39:44', '2019-06-25 02:39:44'),
(22348, 232, '506001_0.jpeg', '2019-06-25 02:39:44', '2019-06-25 02:39:44'),
(22347, 231, '1193024466_8.jpeg', '2019-06-25 02:39:44', '2019-06-25 02:39:44'),
(22346, 231, '1193024466_7.jpeg', '2019-06-25 02:39:44', '2019-06-25 02:39:44'),
(22345, 231, '1193024466_6.jpeg', '2019-06-25 02:39:44', '2019-06-25 02:39:44'),
(22344, 231, '1193024466_5.jpeg', '2019-06-25 02:39:44', '2019-06-25 02:39:44'),
(22343, 231, '1193024466_4.jpeg', '2019-06-25 02:39:44', '2019-06-25 02:39:44'),
(22342, 231, '1193024466_3.jpeg', '2019-06-25 02:39:44', '2019-06-25 02:39:44'),
(22341, 231, '1193024466_2.jpeg', '2019-06-25 02:39:44', '2019-06-25 02:39:44'),
(22340, 231, '1193024466_1.jpeg', '2019-06-25 02:39:44', '2019-06-25 02:39:44'),
(22339, 231, '1193024466_0.jpeg', '2019-06-25 02:39:44', '2019-06-25 02:39:44'),
(22338, 230, '993706732_6.jpeg', '2019-06-25 02:39:44', '2019-06-25 02:39:44'),
(22337, 230, '993706732_5.jpeg', '2019-06-25 02:39:44', '2019-06-25 02:39:44'),
(22336, 230, '993706732_4.jpeg', '2019-06-25 02:39:44', '2019-06-25 02:39:44'),
(22335, 230, '993706732_3.jpeg', '2019-06-25 02:39:44', '2019-06-25 02:39:44'),
(22334, 230, '993706732_2.jpeg', '2019-06-25 02:39:44', '2019-06-25 02:39:44'),
(22333, 230, '993706732_1.jpeg', '2019-06-25 02:39:44', '2019-06-25 02:39:44'),
(22332, 230, '993706732_0.jpeg', '2019-06-25 02:39:44', '2019-06-25 02:39:44'),
(22331, 229, '1995145693_8.jpeg', '2019-06-25 02:39:44', '2019-06-25 02:39:44'),
(22330, 229, '1995145693_7.jpeg', '2019-06-25 02:39:44', '2019-06-25 02:39:44'),
(22329, 229, '1995145693_6.jpeg', '2019-06-25 02:39:44', '2019-06-25 02:39:44'),
(22328, 229, '1995145693_5.jpeg', '2019-06-25 02:39:44', '2019-06-25 02:39:44'),
(22327, 229, '1995145693_4.jpeg', '2019-06-25 02:39:44', '2019-06-25 02:39:44'),
(22326, 229, '1995145693_3.jpeg', '2019-06-25 02:39:44', '2019-06-25 02:39:44'),
(22325, 229, '1995145693_2.jpeg', '2019-06-25 02:39:44', '2019-06-25 02:39:44'),
(22324, 229, '1995145693_1.jpeg', '2019-06-25 02:39:44', '2019-06-25 02:39:44'),
(22323, 229, '1995145693_0.jpeg', '2019-06-25 02:39:44', '2019-06-25 02:39:44'),
(22322, 228, '19216518_8.jpeg', '2019-06-25 02:39:44', '2019-06-25 02:39:44'),
(22321, 228, '19216518_7.jpeg', '2019-06-25 02:39:44', '2019-06-25 02:39:44'),
(22320, 228, '19216518_6.jpeg', '2019-06-25 02:39:44', '2019-06-25 02:39:44'),
(22319, 228, '19216518_5.jpeg', '2019-06-25 02:39:44', '2019-06-25 02:39:44'),
(22318, 228, '19216518_4.jpeg', '2019-06-25 02:39:44', '2019-06-25 02:39:44'),
(22317, 228, '19216518_3.jpeg', '2019-06-25 02:39:44', '2019-06-25 02:39:44'),
(22316, 228, '19216518_2.jpeg', '2019-06-25 02:39:44', '2019-06-25 02:39:44'),
(22315, 228, '19216518_1.jpeg', '2019-06-25 02:39:44', '2019-06-25 02:39:44'),
(22314, 228, '19216518_0.jpeg', '2019-06-25 02:39:44', '2019-06-25 02:39:44'),
(22313, 227, '318367702_6.jpeg', '2019-06-25 02:39:44', '2019-06-25 02:39:44'),
(22312, 227, '318367702_5.jpeg', '2019-06-25 02:39:44', '2019-06-25 02:39:44'),
(22311, 227, '318367702_4.jpeg', '2019-06-25 02:39:44', '2019-06-25 02:39:44'),
(22310, 227, '318367702_3.jpeg', '2019-06-25 02:39:44', '2019-06-25 02:39:44'),
(22309, 227, '318367702_2.jpeg', '2019-06-25 02:39:44', '2019-06-25 02:39:44'),
(22308, 227, '318367702_1.jpeg', '2019-06-25 02:39:44', '2019-06-25 02:39:44'),
(22307, 227, '318367702_0.jpeg', '2019-06-25 02:39:44', '2019-06-25 02:39:44'),
(22306, 226, '312591976_8.jpeg', '2019-06-25 02:39:44', '2019-06-25 02:39:44'),
(22305, 226, '312591976_7.jpeg', '2019-06-25 02:39:44', '2019-06-25 02:39:44'),
(22304, 226, '312591976_6.jpeg', '2019-06-25 02:39:44', '2019-06-25 02:39:44'),
(22303, 226, '312591976_5.jpeg', '2019-06-25 02:39:44', '2019-06-25 02:39:44'),
(22302, 226, '312591976_4.jpeg', '2019-06-25 02:39:44', '2019-06-25 02:39:44'),
(22301, 226, '312591976_3.jpeg', '2019-06-25 02:39:44', '2019-06-25 02:39:44'),
(22300, 226, '312591976_2.jpeg', '2019-06-25 02:39:44', '2019-06-25 02:39:44'),
(22299, 226, '312591976_1.jpeg', '2019-06-25 02:39:44', '2019-06-25 02:39:44'),
(22298, 226, '312591976_0.jpeg', '2019-06-25 02:39:44', '2019-06-25 02:39:44'),
(22297, 225, '2030626283_8.jpeg', '2019-06-25 02:39:44', '2019-06-25 02:39:44'),
(22296, 225, '2030626283_7.jpeg', '2019-06-25 02:39:44', '2019-06-25 02:39:44'),
(22295, 225, '2030626283_6.jpeg', '2019-06-25 02:39:44', '2019-06-25 02:39:44'),
(22294, 225, '2030626283_5.jpeg', '2019-06-25 02:39:44', '2019-06-25 02:39:44'),
(22293, 225, '2030626283_4.jpeg', '2019-06-25 02:39:44', '2019-06-25 02:39:44'),
(22292, 225, '2030626283_3.jpeg', '2019-06-25 02:39:44', '2019-06-25 02:39:44'),
(22291, 225, '2030626283_2.jpeg', '2019-06-25 02:39:44', '2019-06-25 02:39:44'),
(22290, 225, '2030626283_1.jpeg', '2019-06-25 02:39:44', '2019-06-25 02:39:44'),
(22289, 225, '2030626283_0.jpeg', '2019-06-25 02:39:44', '2019-06-25 02:39:44'),
(22288, 224, '56399410_9.jpeg', '2019-06-25 02:39:44', '2019-06-25 02:39:44'),
(22287, 224, '56399410_8.jpeg', '2019-06-25 02:39:44', '2019-06-25 02:39:44'),
(22286, 224, '56399410_7.jpeg', '2019-06-25 02:39:44', '2019-06-25 02:39:44'),
(22285, 224, '56399410_6.jpeg', '2019-06-25 02:39:44', '2019-06-25 02:39:44'),
(22284, 224, '56399410_5.jpeg', '2019-06-25 02:39:44', '2019-06-25 02:39:44'),
(22283, 224, '56399410_4.jpeg', '2019-06-25 02:39:44', '2019-06-25 02:39:44'),
(22282, 224, '56399410_3.jpeg', '2019-06-25 02:39:44', '2019-06-25 02:39:44'),
(22281, 224, '56399410_2.jpeg', '2019-06-25 02:39:44', '2019-06-25 02:39:44'),
(22280, 224, '56399410_1.jpeg', '2019-06-25 02:39:44', '2019-06-25 02:39:44'),
(22279, 224, '56399410_0.jpeg', '2019-06-25 02:39:44', '2019-06-25 02:39:44'),
(22278, 223, '154316426_8.jpeg', '2019-06-25 02:39:44', '2019-06-25 02:39:44'),
(22277, 223, '154316426_7.jpeg', '2019-06-25 02:39:44', '2019-06-25 02:39:44'),
(22276, 223, '154316426_6.jpeg', '2019-06-25 02:39:44', '2019-06-25 02:39:44'),
(22275, 223, '154316426_5.jpeg', '2019-06-25 02:39:44', '2019-06-25 02:39:44'),
(22274, 223, '154316426_4.jpeg', '2019-06-25 02:39:44', '2019-06-25 02:39:44'),
(22273, 223, '154316426_3.jpeg', '2019-06-25 02:39:44', '2019-06-25 02:39:44'),
(22272, 223, '154316426_2.jpeg', '2019-06-25 02:39:44', '2019-06-25 02:39:44'),
(22271, 223, '154316426_1.jpeg', '2019-06-25 02:39:44', '2019-06-25 02:39:44'),
(22270, 223, '154316426_0.jpeg', '2019-06-25 02:39:44', '2019-06-25 02:39:44'),
(22269, 222, '1136659912_8.jpeg', '2019-06-25 02:39:44', '2019-06-25 02:39:44'),
(22268, 222, '1136659912_7.jpeg', '2019-06-25 02:39:44', '2019-06-25 02:39:44'),
(22267, 222, '1136659912_6.jpeg', '2019-06-25 02:39:44', '2019-06-25 02:39:44'),
(22266, 222, '1136659912_5.jpeg', '2019-06-25 02:39:44', '2019-06-25 02:39:44'),
(22265, 222, '1136659912_4.jpeg', '2019-06-25 02:39:44', '2019-06-25 02:39:44'),
(22264, 222, '1136659912_3.jpeg', '2019-06-25 02:39:44', '2019-06-25 02:39:44'),
(22263, 222, '1136659912_2.jpeg', '2019-06-25 02:39:44', '2019-06-25 02:39:44'),
(22262, 222, '1136659912_1.jpeg', '2019-06-25 02:39:44', '2019-06-25 02:39:44'),
(22261, 222, '1136659912_0.jpeg', '2019-06-25 02:39:44', '2019-06-25 02:39:44'),
(22260, 221, '2061899786_8.jpeg', '2019-06-25 02:39:44', '2019-06-25 02:39:44'),
(22259, 221, '2061899786_7.jpeg', '2019-06-25 02:39:44', '2019-06-25 02:39:44'),
(22258, 221, '2061899786_6.jpeg', '2019-06-25 02:39:44', '2019-06-25 02:39:44'),
(22257, 221, '2061899786_5.jpeg', '2019-06-25 02:39:44', '2019-06-25 02:39:44'),
(22256, 221, '2061899786_4.jpeg', '2019-06-25 02:39:44', '2019-06-25 02:39:44'),
(22255, 221, '2061899786_3.jpeg', '2019-06-25 02:39:44', '2019-06-25 02:39:44'),
(22254, 221, '2061899786_2.jpeg', '2019-06-25 02:39:44', '2019-06-25 02:39:44'),
(22253, 221, '2061899786_1.jpeg', '2019-06-25 02:39:44', '2019-06-25 02:39:44'),
(22252, 221, '2061899786_0.jpeg', '2019-06-25 02:39:44', '2019-06-25 02:39:44'),
(22251, 220, '798138610_8.jpeg', '2019-06-25 02:39:44', '2019-06-25 02:39:44'),
(22250, 220, '798138610_7.jpeg', '2019-06-25 02:39:44', '2019-06-25 02:39:44'),
(22249, 220, '798138610_6.jpeg', '2019-06-25 02:39:44', '2019-06-25 02:39:44'),
(22248, 220, '798138610_5.jpeg', '2019-06-25 02:39:44', '2019-06-25 02:39:44'),
(22247, 220, '798138610_4.jpeg', '2019-06-25 02:39:44', '2019-06-25 02:39:44'),
(22246, 220, '798138610_3.jpeg', '2019-06-25 02:39:44', '2019-06-25 02:39:44'),
(22245, 220, '798138610_2.jpeg', '2019-06-25 02:39:44', '2019-06-25 02:39:44'),
(22244, 220, '798138610_1.jpeg', '2019-06-25 02:39:44', '2019-06-25 02:39:44'),
(22243, 220, '798138610_0.jpeg', '2019-06-25 02:39:44', '2019-06-25 02:39:44'),
(22242, 219, '40508041_8.jpeg', '2019-06-25 02:39:44', '2019-06-25 02:39:44'),
(22241, 219, '40508041_7.jpeg', '2019-06-25 02:39:44', '2019-06-25 02:39:44'),
(22240, 219, '40508041_6.jpeg', '2019-06-25 02:39:44', '2019-06-25 02:39:44'),
(22239, 219, '40508041_5.jpeg', '2019-06-25 02:39:44', '2019-06-25 02:39:44'),
(22238, 219, '40508041_4.jpeg', '2019-06-25 02:39:44', '2019-06-25 02:39:44'),
(22237, 219, '40508041_3.jpeg', '2019-06-25 02:39:44', '2019-06-25 02:39:44'),
(22236, 219, '40508041_2.jpeg', '2019-06-25 02:39:44', '2019-06-25 02:39:44'),
(22235, 219, '40508041_1.jpeg', '2019-06-25 02:39:44', '2019-06-25 02:39:44'),
(22234, 219, '40508041_0.jpeg', '2019-06-25 02:39:44', '2019-06-25 02:39:44'),
(22233, 218, '1126494515_8.jpeg', '2019-06-25 02:39:44', '2019-06-25 02:39:44'),
(22232, 218, '1126494515_7.jpeg', '2019-06-25 02:39:44', '2019-06-25 02:39:44'),
(22231, 218, '1126494515_6.jpeg', '2019-06-25 02:39:44', '2019-06-25 02:39:44'),
(22230, 218, '1126494515_5.jpeg', '2019-06-25 02:39:44', '2019-06-25 02:39:44'),
(22229, 218, '1126494515_4.jpeg', '2019-06-25 02:39:44', '2019-06-25 02:39:44'),
(22228, 218, '1126494515_3.jpeg', '2019-06-25 02:39:44', '2019-06-25 02:39:44'),
(22227, 218, '1126494515_2.jpeg', '2019-06-25 02:39:44', '2019-06-25 02:39:44'),
(22226, 218, '1126494515_1.jpeg', '2019-06-25 02:39:44', '2019-06-25 02:39:44'),
(22225, 218, '1126494515_0.jpeg', '2019-06-25 02:39:44', '2019-06-25 02:39:44'),
(22224, 217, '318703618_8.jpeg', '2019-06-25 02:39:44', '2019-06-25 02:39:44'),
(22223, 217, '318703618_7.jpeg', '2019-06-25 02:39:44', '2019-06-25 02:39:44'),
(22222, 217, '318703618_6.jpeg', '2019-06-25 02:39:44', '2019-06-25 02:39:44'),
(22221, 217, '318703618_5.jpeg', '2019-06-25 02:39:44', '2019-06-25 02:39:44'),
(22220, 217, '318703618_4.jpeg', '2019-06-25 02:39:44', '2019-06-25 02:39:44'),
(22219, 217, '318703618_3.jpeg', '2019-06-25 02:39:44', '2019-06-25 02:39:44'),
(22218, 217, '318703618_2.jpeg', '2019-06-25 02:39:44', '2019-06-25 02:39:44'),
(22217, 217, '318703618_1.jpeg', '2019-06-25 02:39:44', '2019-06-25 02:39:44'),
(22216, 217, '318703618_0.jpeg', '2019-06-25 02:39:44', '2019-06-25 02:39:44'),
(22215, 216, '1035040374_7.jpeg', '2019-06-25 02:39:44', '2019-06-25 02:39:44'),
(22214, 216, '1035040374_6.jpeg', '2019-06-25 02:39:44', '2019-06-25 02:39:44'),
(22213, 216, '1035040374_5.jpeg', '2019-06-25 02:39:44', '2019-06-25 02:39:44'),
(22212, 216, '1035040374_4.jpeg', '2019-06-25 02:39:44', '2019-06-25 02:39:44'),
(22211, 216, '1035040374_3.jpeg', '2019-06-25 02:39:44', '2019-06-25 02:39:44'),
(22210, 216, '1035040374_2.jpeg', '2019-06-25 02:39:44', '2019-06-25 02:39:44'),
(22209, 216, '1035040374_1.jpeg', '2019-06-25 02:39:44', '2019-06-25 02:39:44'),
(22208, 216, '1035040374_0.jpeg', '2019-06-25 02:39:44', '2019-06-25 02:39:44'),
(22207, 215, '120716386_8.jpeg', '2019-06-25 02:39:44', '2019-06-25 02:39:44'),
(22206, 215, '120716386_7.jpeg', '2019-06-25 02:39:44', '2019-06-25 02:39:44'),
(22205, 215, '120716386_6.jpeg', '2019-06-25 02:39:44', '2019-06-25 02:39:44'),
(22204, 215, '120716386_5.jpeg', '2019-06-25 02:39:44', '2019-06-25 02:39:44'),
(22203, 215, '120716386_4.jpeg', '2019-06-25 02:39:44', '2019-06-25 02:39:44'),
(22202, 215, '120716386_3.jpeg', '2019-06-25 02:39:44', '2019-06-25 02:39:44'),
(22201, 215, '120716386_2.jpeg', '2019-06-25 02:39:44', '2019-06-25 02:39:44'),
(22200, 215, '120716386_1.jpeg', '2019-06-25 02:39:44', '2019-06-25 02:39:44'),
(22199, 215, '120716386_0.jpeg', '2019-06-25 02:39:44', '2019-06-25 02:39:44'),
(22198, 214, '2163966969_8.jpeg', '2019-06-25 02:39:44', '2019-06-25 02:39:44'),
(22197, 214, '2163966969_7.jpeg', '2019-06-25 02:39:44', '2019-06-25 02:39:44'),
(22196, 214, '2163966969_6.jpeg', '2019-06-25 02:39:44', '2019-06-25 02:39:44'),
(22195, 214, '2163966969_5.jpeg', '2019-06-25 02:39:44', '2019-06-25 02:39:44'),
(22194, 214, '2163966969_4.jpeg', '2019-06-25 02:39:44', '2019-06-25 02:39:44'),
(22193, 214, '2163966969_3.jpeg', '2019-06-25 02:39:44', '2019-06-25 02:39:44'),
(22192, 214, '2163966969_2.jpeg', '2019-06-25 02:39:44', '2019-06-25 02:39:44'),
(22191, 214, '2163966969_1.jpeg', '2019-06-25 02:39:44', '2019-06-25 02:39:44'),
(22190, 214, '2163966969_0.jpeg', '2019-06-25 02:39:44', '2019-06-25 02:39:44'),
(22189, 213, '313161322_8.jpeg', '2019-06-25 02:39:44', '2019-06-25 02:39:44'),
(22188, 213, '313161322_7.jpeg', '2019-06-25 02:39:44', '2019-06-25 02:39:44'),
(22187, 213, '313161322_6.jpeg', '2019-06-25 02:39:44', '2019-06-25 02:39:44'),
(22186, 213, '313161322_5.jpeg', '2019-06-25 02:39:44', '2019-06-25 02:39:44'),
(22185, 213, '313161322_4.jpeg', '2019-06-25 02:39:44', '2019-06-25 02:39:44'),
(22184, 213, '313161322_3.jpeg', '2019-06-25 02:39:44', '2019-06-25 02:39:44'),
(22183, 213, '313161322_2.jpeg', '2019-06-25 02:39:44', '2019-06-25 02:39:44'),
(22182, 213, '313161322_1.jpeg', '2019-06-25 02:39:44', '2019-06-25 02:39:44'),
(22181, 213, '313161322_0.jpeg', '2019-06-25 02:39:44', '2019-06-25 02:39:44'),
(22180, 212, '309627012_5.jpeg', '2019-06-25 02:39:44', '2019-06-25 02:39:44'),
(22179, 212, '309627012_4.jpeg', '2019-06-25 02:39:44', '2019-06-25 02:39:44'),
(22178, 212, '309627012_3.jpeg', '2019-06-25 02:39:44', '2019-06-25 02:39:44'),
(22177, 212, '309627012_2.jpeg', '2019-06-25 02:39:44', '2019-06-25 02:39:44'),
(22176, 212, '309627012_1.jpeg', '2019-06-25 02:39:44', '2019-06-25 02:39:44'),
(22175, 212, '309627012_0.jpeg', '2019-06-25 02:39:44', '2019-06-25 02:39:44'),
(22174, 211, '1173160005_8.jpeg', '2019-06-25 02:39:44', '2019-06-25 02:39:44'),
(22173, 211, '1173160005_7.jpeg', '2019-06-25 02:39:44', '2019-06-25 02:39:44'),
(22172, 211, '1173160005_6.jpeg', '2019-06-25 02:39:44', '2019-06-25 02:39:44'),
(22171, 211, '1173160005_5.jpeg', '2019-06-25 02:39:44', '2019-06-25 02:39:44'),
(22170, 211, '1173160005_4.jpeg', '2019-06-25 02:39:44', '2019-06-25 02:39:44'),
(22169, 211, '1173160005_3.jpeg', '2019-06-25 02:39:44', '2019-06-25 02:39:44'),
(22168, 211, '1173160005_2.jpeg', '2019-06-25 02:39:44', '2019-06-25 02:39:44'),
(22167, 211, '1173160005_1.jpeg', '2019-06-25 02:39:44', '2019-06-25 02:39:44'),
(22166, 211, '1173160005_0.jpeg', '2019-06-25 02:39:44', '2019-06-25 02:39:44'),
(22165, 210, '1188269714_8.jpeg', '2019-06-25 02:39:44', '2019-06-25 02:39:44'),
(22164, 210, '1188269714_7.jpeg', '2019-06-25 02:39:44', '2019-06-25 02:39:44'),
(22163, 210, '1188269714_6.jpeg', '2019-06-25 02:39:44', '2019-06-25 02:39:44'),
(22162, 210, '1188269714_5.jpeg', '2019-06-25 02:39:44', '2019-06-25 02:39:44'),
(22161, 210, '1188269714_4.jpeg', '2019-06-25 02:39:44', '2019-06-25 02:39:44'),
(22160, 210, '1188269714_3.jpeg', '2019-06-25 02:39:44', '2019-06-25 02:39:44'),
(22159, 210, '1188269714_2.jpeg', '2019-06-25 02:39:44', '2019-06-25 02:39:44'),
(22158, 210, '1188269714_1.jpeg', '2019-06-25 02:39:44', '2019-06-25 02:39:44'),
(22157, 210, '1188269714_0.jpeg', '2019-06-25 02:39:44', '2019-06-25 02:39:44'),
(22156, 209, '2018687561_9.jpeg', '2019-06-25 02:39:44', '2019-06-25 02:39:44'),
(22155, 209, '2018687561_8.jpeg', '2019-06-25 02:39:44', '2019-06-25 02:39:44'),
(22154, 209, '2018687561_7.jpeg', '2019-06-25 02:39:44', '2019-06-25 02:39:44'),
(22153, 209, '2018687561_6.jpeg', '2019-06-25 02:39:44', '2019-06-25 02:39:44'),
(22152, 209, '2018687561_5.jpeg', '2019-06-25 02:39:44', '2019-06-25 02:39:44'),
(22151, 209, '2018687561_4.jpeg', '2019-06-25 02:39:44', '2019-06-25 02:39:44'),
(22150, 209, '2018687561_3.jpeg', '2019-06-25 02:39:44', '2019-06-25 02:39:44'),
(22149, 209, '2018687561_2.jpeg', '2019-06-25 02:39:44', '2019-06-25 02:39:44'),
(22148, 209, '2018687561_1.jpeg', '2019-06-25 02:39:44', '2019-06-25 02:39:44'),
(22147, 209, '2018687561_0.jpeg', '2019-06-25 02:39:44', '2019-06-25 02:39:44'),
(22146, 208, '123843668_6.jpeg', '2019-06-25 02:39:44', '2019-06-25 02:39:44'),
(22145, 208, '123843668_5.jpeg', '2019-06-25 02:39:44', '2019-06-25 02:39:44'),
(22144, 208, '123843668_4.jpeg', '2019-06-25 02:39:44', '2019-06-25 02:39:44'),
(22143, 208, '123843668_3.jpeg', '2019-06-25 02:39:44', '2019-06-25 02:39:44'),
(22142, 208, '123843668_2.jpeg', '2019-06-25 02:39:44', '2019-06-25 02:39:44'),
(22141, 208, '123843668_1.jpeg', '2019-06-25 02:39:44', '2019-06-25 02:39:44'),
(22140, 208, '123843668_0.jpeg', '2019-06-25 02:39:44', '2019-06-25 02:39:44'),
(22139, 207, '1767674842_5.jpeg', '2019-06-25 02:39:44', '2019-06-25 02:39:44'),
(22138, 207, '1767674842_4.jpeg', '2019-06-25 02:39:44', '2019-06-25 02:39:44'),
(22137, 207, '1767674842_3.jpeg', '2019-06-25 02:39:44', '2019-06-25 02:39:44'),
(22136, 207, '1767674842_2.jpeg', '2019-06-25 02:39:44', '2019-06-25 02:39:44'),
(22135, 207, '1767674842_1.jpeg', '2019-06-25 02:39:44', '2019-06-25 02:39:44'),
(22134, 207, '1767674842_0.jpeg', '2019-06-25 02:39:44', '2019-06-25 02:39:44'),
(22133, 206, '1816141209_6.jpeg', '2019-06-25 02:39:44', '2019-06-25 02:39:44'),
(22132, 206, '1816141209_5.jpeg', '2019-06-25 02:39:44', '2019-06-25 02:39:44'),
(22131, 206, '1816141209_4.jpeg', '2019-06-25 02:39:44', '2019-06-25 02:39:44'),
(22130, 206, '1816141209_3.jpeg', '2019-06-25 02:39:44', '2019-06-25 02:39:44'),
(22129, 206, '1816141209_2.jpeg', '2019-06-25 02:39:44', '2019-06-25 02:39:44'),
(22128, 206, '1816141209_1.jpeg', '2019-06-25 02:39:44', '2019-06-25 02:39:44'),
(22127, 206, '1816141209_0.jpeg', '2019-06-25 02:39:44', '2019-06-25 02:39:44'),
(22126, 205, '233425240_6.jpeg', '2019-06-25 02:39:44', '2019-06-25 02:39:44'),
(22125, 205, '233425240_5.jpeg', '2019-06-25 02:39:44', '2019-06-25 02:39:44'),
(22124, 205, '233425240_4.jpeg', '2019-06-25 02:39:44', '2019-06-25 02:39:44'),
(22123, 205, '233425240_3.jpeg', '2019-06-25 02:39:44', '2019-06-25 02:39:44'),
(22122, 205, '233425240_2.jpeg', '2019-06-25 02:39:44', '2019-06-25 02:39:44'),
(22121, 205, '233425240_1.jpeg', '2019-06-25 02:39:44', '2019-06-25 02:39:44'),
(22120, 205, '233425240_0.jpeg', '2019-06-25 02:39:44', '2019-06-25 02:39:44'),
(22119, 204, '1008407779_8.jpeg', '2019-06-25 02:39:44', '2019-06-25 02:39:44'),
(22118, 204, '1008407779_7.jpeg', '2019-06-25 02:39:44', '2019-06-25 02:39:44'),
(22117, 204, '1008407779_6.jpeg', '2019-06-25 02:39:44', '2019-06-25 02:39:44'),
(22116, 204, '1008407779_5.jpeg', '2019-06-25 02:39:44', '2019-06-25 02:39:44'),
(22115, 204, '1008407779_4.jpeg', '2019-06-25 02:39:44', '2019-06-25 02:39:44'),
(22114, 204, '1008407779_3.jpeg', '2019-06-25 02:39:44', '2019-06-25 02:39:44'),
(22113, 204, '1008407779_2.jpeg', '2019-06-25 02:39:44', '2019-06-25 02:39:44'),
(22112, 204, '1008407779_1.jpeg', '2019-06-25 02:39:44', '2019-06-25 02:39:44'),
(22111, 204, '1008407779_0.jpeg', '2019-06-25 02:39:44', '2019-06-25 02:39:44'),
(22110, 203, '2052194079_8.jpeg', '2019-06-25 02:39:44', '2019-06-25 02:39:44'),
(22109, 203, '2052194079_7.jpeg', '2019-06-25 02:39:44', '2019-06-25 02:39:44'),
(22108, 203, '2052194079_6.jpeg', '2019-06-25 02:39:44', '2019-06-25 02:39:44'),
(22107, 203, '2052194079_5.jpeg', '2019-06-25 02:39:44', '2019-06-25 02:39:44'),
(22106, 203, '2052194079_4.jpeg', '2019-06-25 02:39:44', '2019-06-25 02:39:44'),
(22105, 203, '2052194079_3.jpeg', '2019-06-25 02:39:44', '2019-06-25 02:39:44'),
(22104, 203, '2052194079_2.jpeg', '2019-06-25 02:39:44', '2019-06-25 02:39:44'),
(22103, 203, '2052194079_1.jpeg', '2019-06-25 02:39:44', '2019-06-25 02:39:44'),
(22102, 203, '2052194079_0.jpeg', '2019-06-25 02:39:44', '2019-06-25 02:39:44'),
(22101, 202, '315500474_6.jpeg', '2019-06-25 02:39:44', '2019-06-25 02:39:44'),
(22100, 202, '315500474_5.jpeg', '2019-06-25 02:39:44', '2019-06-25 02:39:44'),
(22099, 202, '315500474_4.jpeg', '2019-06-25 02:39:44', '2019-06-25 02:39:44'),
(22098, 202, '315500474_3.jpeg', '2019-06-25 02:39:44', '2019-06-25 02:39:44'),
(22097, 202, '315500474_2.jpeg', '2019-06-25 02:39:44', '2019-06-25 02:39:44'),
(22096, 202, '315500474_1.jpeg', '2019-06-25 02:39:44', '2019-06-25 02:39:44'),
(22095, 202, '315500474_0.jpeg', '2019-06-25 02:39:44', '2019-06-25 02:39:44'),
(22094, 201, '22417600_8.jpeg', '2019-06-25 02:39:44', '2019-06-25 02:39:44'),
(22093, 201, '22417600_7.jpeg', '2019-06-25 02:39:44', '2019-06-25 02:39:44'),
(22092, 201, '22417600_6.jpeg', '2019-06-25 02:39:44', '2019-06-25 02:39:44'),
(22091, 201, '22417600_5.jpeg', '2019-06-25 02:39:44', '2019-06-25 02:39:44'),
(22090, 201, '22417600_4.jpeg', '2019-06-25 02:39:44', '2019-06-25 02:39:44'),
(22089, 201, '22417600_3.jpeg', '2019-06-25 02:39:44', '2019-06-25 02:39:44'),
(22088, 201, '22417600_2.jpeg', '2019-06-25 02:39:44', '2019-06-25 02:39:44'),
(22087, 201, '22417600_1.jpeg', '2019-06-25 02:39:44', '2019-06-25 02:39:44'),
(22086, 201, '22417600_0.jpeg', '2019-06-25 02:39:44', '2019-06-25 02:39:44'),
(22517, 252, '1562917798.jpeg', '2019-07-12 07:49:58', '2019-07-12 07:49:58'),
(22518, 253, '1562917906.jpeg', '2019-07-12 07:51:46', '2019-07-12 07:51:46'),
(22519, 254, '1563351957.jpeg', '2019-07-17 08:25:57', '2019-07-17 08:25:57');

-- --------------------------------------------------------

--
-- 資料表結構 `recharge`
--

CREATE TABLE `recharge` (
  `id` int(10) NOT NULL,
  `user_id` int(10) NOT NULL,
  `target_account` varchar(15) NOT NULL,
  `money` decimal(10,2) NOT NULL,
  `e_coin` decimal(10,2) NOT NULL,
  `status` tinyint(1) NOT NULL,
  `created_at` timestamp NOT NULL DEFAULT CURRENT_TIMESTAMP
) ENGINE=InnoDB DEFAULT CHARSET=utf8;

--
-- 傾印資料表的資料 `recharge`
--

INSERT INTO `recharge` (`id`, `user_id`, `target_account`, `money`, `e_coin`, `status`, `created_at`) VALUES
(1, 32, '477314', '1000.00', '1075.00', 0, '2019-06-26 09:09:13'),
(2, 32, '477314', '425.00', '500.00', 1, '2019-06-27 05:46:27'),
(3, 32, '477314', '425.00', '500.00', 1, '2019-06-27 05:49:27'),
(4, 32, '477314', '425.00', '500.00', 1, '2019-06-27 05:50:24'),
(5, 32, '477314', '100.00', '100.00', 0, '2019-06-27 07:22:07'),
(6, 32, '477314', '100.00', '100.00', 0, '2019-06-27 07:22:44'),
(7, 32, '477314', '100.00', '100.00', 0, '2019-06-27 07:23:11'),
(8, 32, '477314', '100.00', '100.00', 0, '2019-06-27 07:23:14'),
(9, 32, '477314', '100.00', '100.00', 0, '2019-06-27 07:24:25'),
(10, 32, '477314', '250.00', '250.00', 0, '2019-06-27 07:24:56'),
(11, 32, '477314', '250.00', '250.00', 0, '2019-06-27 07:25:15'),
(12, 32, '477314', '100.00', '100.00', 0, '2019-06-27 07:32:56'),
(13, 23, '477314', '777.00', '525.00', 0, '2019-06-28 01:56:41'),
(14, 23, '477314', '777.00', '250.00', 0, '2019-06-28 01:57:23'),
(15, 23, '123456', '777.00', '100.00', 0, '2019-06-28 02:03:04'),
(16, 23, '123456', '250.00', '250.00', 0, '2019-06-28 02:07:32'),
(17, 23, '477314', '250.00', '250.00', 0, '2019-06-28 02:08:02'),
(18, 23, '477314', '1000.00', '1075.00', 0, '2019-06-28 02:11:44'),
(19, 23, '477314', '500.00', '525.00', 0, '2019-06-28 02:12:51'),
(20, 23, '477314', '5000.00', '5750.00', 0, '2019-06-28 02:14:51'),
(21, 23, '123456', '425.00', '500.00', 1, '2019-06-28 02:15:52'),
(22, 32, '477314', '250.00', '250.00', 0, '2019-06-28 02:42:47'),
(23, 32, '123456', '100.00', '100.00', 0, '2019-06-28 02:43:29'),
(24, 32, '477314', '212.50', '250.00', 1, '2019-06-28 02:44:20'),
(25, 23, '477314', '100.00', '100.00', 0, '2019-06-28 07:38:00'),
(26, 38, '836389', '500.00', '525.00', 0, '2019-07-11 02:39:21'),
(27, 38, '836389', '500.00', '525.00', 0, '2019-07-11 02:39:23'),
(28, 38, '836389', '500.00', '525.00', 0, '2019-07-11 02:39:25'),
(29, 38, '836389', '500.00', '525.00', 0, '2019-07-11 02:39:27'),
(30, 38, '836389', '500.00', '525.00', 0, '2019-07-11 02:39:29'),
(31, 38, '836389', '500.00', '525.00', 0, '2019-07-11 02:39:31'),
(32, 38, '836389', '425.00', '500.00', 1, '2019-07-11 02:46:48'),
(33, 38, '836389', '425.00', '500.00', 1, '2019-07-11 02:46:50'),
(34, 38, '836389', '425.00', '500.00', 1, '2019-07-11 02:46:52'),
(35, 38, '836389', '425.00', '500.00', 1, '2019-07-11 02:46:54'),
(36, 38, '836389', '425.00', '500.00', 1, '2019-07-11 02:46:56'),
(37, 38, '836389', '425.00', '500.00', 1, '2019-07-11 02:46:58'),
(38, 38, '836389', '425.00', '500.00', 1, '2019-07-11 02:47:00'),
(39, 38, '836389', '425.00', '500.00', 1, '2019-07-11 02:47:02'),
(40, 38, '836389', '425.00', '500.00', 1, '2019-07-11 02:47:05'),
(41, 38, '836389', '425.00', '500.00', 1, '2019-07-11 02:47:07'),
(42, 38, '836389', '425.00', '500.00', 1, '2019-07-11 02:47:09'),
(43, 38, '836389', '425.00', '500.00', 1, '2019-07-11 02:47:11'),
(44, 38, '836389', '425.00', '500.00', 1, '2019-07-11 02:47:13'),
(45, 38, '836389', '425.00', '500.00', 1, '2019-07-11 02:47:15'),
(46, 38, '836389', '425.00', '500.00', 1, '2019-07-11 02:47:17'),
(47, 38, '836389', '425.00', '500.00', 1, '2019-07-11 02:47:20'),
(48, 38, '836389', '425.00', '500.00', 1, '2019-07-11 02:47:22'),
(49, 38, '836389', '425.00', '500.00', 1, '2019-07-11 02:47:24'),
(50, 38, '836389', '425.00', '500.00', 1, '2019-07-11 02:47:26'),
(51, 38, '836389', '425.00', '500.00', 1, '2019-07-11 02:47:28'),
(52, 38, '836389', '425.00', '500.00', 1, '2019-07-11 02:47:30'),
(53, 38, '836389', '425.00', '500.00', 1, '2019-07-11 02:47:32'),
(54, 38, '836389', '425.00', '500.00', 1, '2019-07-11 02:47:43'),
(55, 38, '836389', '425.00', '500.00', 1, '2019-07-11 02:47:45'),
(56, 38, '836389', '425.00', '500.00', 1, '2019-07-11 02:47:47'),
(57, 38, '836389', '425.00', '500.00', 1, '2019-07-11 02:47:49'),
(58, 38, '836389', '425.00', '500.00', 1, '2019-07-11 02:47:52'),
(59, 38, '836389', '425.00', '500.00', 1, '2019-07-11 02:47:54'),
(60, 38, '836389', '425.00', '500.00', 1, '2019-07-11 02:47:56'),
(61, 38, '836389', '425.00', '500.00', 1, '2019-07-11 02:47:58'),
(62, 38, '836389', '425.00', '500.00', 1, '2019-07-11 02:48:00'),
(63, 38, '836389', '425.00', '500.00', 1, '2019-07-11 02:48:02'),
(64, 38, '836389', '425.00', '500.00', 1, '2019-07-11 02:48:04'),
(65, 38, '836389', '425.00', '500.00', 1, '2019-07-11 02:48:07'),
(66, 38, '836389', '425.00', '500.00', 1, '2019-07-11 02:48:09'),
(67, 38, '836389', '425.00', '500.00', 1, '2019-07-11 02:48:11'),
(68, 38, '836389', '425.00', '500.00', 1, '2019-07-11 02:48:13'),
(69, 38, '836389', '425.00', '500.00', 1, '2019-07-11 02:48:15'),
(70, 38, '836389', '425.00', '500.00', 1, '2019-07-11 02:48:17'),
(71, 38, '836389', '425.00', '500.00', 1, '2019-07-11 02:48:20'),
(72, 38, '836389', '425.00', '500.00', 1, '2019-07-11 02:48:22'),
(73, 38, '836389', '425.00', '500.00', 1, '2019-07-11 02:48:24'),
(74, 38, '836389', '5000.00', '5750.00', 0, '2019-07-11 02:53:15'),
(75, 38, '836389', '5000.00', '5750.00', 0, '2019-07-11 02:54:42'),
(76, 38, '836389', '5000.00', '5750.00', 0, '2019-07-11 03:06:09'),
(77, 38, '836389', '100.00', '100.00', 0, '2019-07-11 03:10:36'),
(78, 38, '836389', '100.00', '100.00', 0, '2019-07-11 03:10:38'),
(79, 38, '836389', '100.00', '100.00', 0, '2019-07-11 03:10:40'),
(80, 38, '836389', '100.00', '100.00', 0, '2019-07-11 03:10:42'),
(81, 38, '836389', '100.00', '100.00', 0, '2019-07-11 03:10:44'),
(82, 38, '836389', '100.00', '100.00', 0, '2019-07-11 03:12:12'),
(83, 38, '836389', '100.00', '100.00', 0, '2019-07-11 03:12:14'),
(84, 38, '836389', '100.00', '100.00', 0, '2019-07-11 03:12:16'),
(85, 38, '836389', '100.00', '100.00', 0, '2019-07-11 03:22:53'),
(86, 39, '357095', '500.00', '525.00', 0, '2019-07-11 03:48:04'),
(87, 39, '765654', '100.00', '100.00', 0, '2019-07-11 03:48:29'),
(88, 39, '357095', '212.50', '250.00', 1, '2019-07-11 03:49:13'),
(89, 39, '357095', '500.00', '525.00', 0, '2019-07-11 03:50:39'),
(90, 39, '357095', '1000.00', '1075.00', 0, '2019-07-11 03:51:27'),
(91, 39, '357095', '250.00', '250.00', 0, '2019-07-11 04:07:17'),
(92, 39, '357095', '250.00', '250.00', 0, '2019-07-11 05:57:53'),
(93, 41, '807243', '500.00', '525.00', 0, '2019-07-11 09:39:03'),
(94, 41, '807243', '425.00', '500.00', 1, '2019-07-11 09:45:15'),
(95, 41, '807243', '2000.00', '2200.00', 0, '2019-07-11 09:48:39'),
(96, 23, '123456', '500.00', '525.00', 0, '2019-07-12 03:28:56'),
(97, 23, '807243', '500.00', '525.00', 0, '2019-07-12 03:29:40'),
(98, 23, '123456', '425.00', '500.00', 1, '2019-07-12 06:11:16'),
(99, 777, '12333', '300.00', '200.00', 1, '2019-07-12 07:00:42'),
(100, 777, '12333', '300.00', '200.00', 1, '2019-07-12 07:03:50'),
(101, 42, '807243', '500.00', '525.00', 0, '2019-07-17 06:41:12'),
(102, 42, '718091', '500.00', '525.00', 0, '2019-07-17 06:41:31'),
(103, 42, '718091', '425.00', '500.00', 1, '2019-07-17 06:41:45'),
(104, 42, '718091', '500.00', '525.00', 0, '2019-07-17 06:44:31'),
(107, 42, '718091', '425.00', '500.00', 1, '2019-07-17 07:09:06'),
(116, 42, '718091', '500.00', '525.00', 0, '2019-07-17 07:38:22'),
(122, 42, '718091', '2000.00', '2200.00', 0, '2019-07-17 08:22:18'),
(123, 42, '718091', '425.00', '500.00', 1, '2019-07-17 08:22:32'),
(125, 42, '718091', '425.00', '500.00', 1, '2019-07-17 08:49:31'),
(126, 35, '123456', '1000.00', '1050.00', 0, '2019-07-18 02:59:29'),
(127, 35, '123456', '1000.00', '1050.00', 0, '2019-07-18 03:00:27'),
(128, 35, '123456', '1000.00', '1050.00', 0, '2019-07-18 03:00:27'),
(129, 35, '123456', '1000.00', '1050.00', 0, '2019-07-18 03:00:27'),
(130, 35, '123456', '1000.00', '1050.00', 0, '2019-07-18 03:00:27'),
(131, 35, '123456', '1000.00', '1050.00', 0, '2019-07-18 03:00:27'),
(132, 35, '123456', '1000.00', '1050.00', 0, '2019-07-18 03:00:27'),
(133, 35, '123456', '1000.00', '1050.00', 0, '2019-07-18 03:00:27'),
(134, 35, '123456', '1000.00', '1050.00', 0, '2019-07-18 03:00:27'),
(135, 35, '123456', '1000.00', '1050.00', 0, '2019-07-18 03:00:27'),
(136, 35, '123456', '1000.00', '1050.00', 0, '2019-07-18 03:00:27'),
(137, 35, '123456', '1000.00', '1050.00', 0, '2019-07-18 03:00:28'),
(138, 35, '123456', '1000.00', '1050.00', 0, '2019-07-18 03:00:28'),
(139, 35, '123456', '1000.00', '1050.00', 0, '2019-07-18 03:00:28'),
(140, 35, '123456', '1000.00', '1050.00', 0, '2019-07-18 03:00:28'),
(141, 35, '123456', '1000.00', '1050.00', 0, '2019-07-18 03:00:28'),
(142, 35, '123456', '1000.00', '1050.00', 0, '2019-07-18 03:00:28'),
(143, 35, '123456', '1000.00', '1050.00', 0, '2019-07-18 03:00:28'),
(144, 35, '123456', '1000.00', '1050.00', 0, '2019-07-18 03:00:28'),
(145, 35, '123456', '1000.00', '1050.00', 0, '2019-07-18 03:00:28'),
(146, 35, '123456', '1000.00', '1050.00', 0, '2019-07-18 03:00:28'),
(147, 35, '123456', '1000.00', '1050.00', 0, '2019-07-18 03:00:28'),
(148, 35, '123456', '1000.00', '1050.00', 0, '2019-07-18 03:00:28'),
(149, 35, '123456', '1000.00', '1050.00', 0, '2019-07-18 03:00:28'),
(150, 35, '123456', '1000.00', '1050.00', 0, '2019-07-18 03:00:28'),
(151, 35, '123456', '1000.00', '1050.00', 0, '2019-07-18 03:00:28'),
(152, 35, '123456', '1000.00', '1050.00', 0, '2019-07-18 03:00:28'),
(153, 35, '123456', '1000.00', '1050.00', 0, '2019-07-18 03:00:28'),
(154, 35, '123456', '1000.00', '1050.00', 0, '2019-07-18 03:00:28'),
(155, 35, '123456', '1000.00', '1050.00', 0, '2019-07-18 03:00:28'),
(156, 35, '123456', '1000.00', '1050.00', 0, '2019-07-18 03:00:28'),
(157, 35, '123456', '1000.00', '1050.00', 0, '2019-07-18 03:00:28'),
(158, 35, '123456', '1000.00', '1050.00', 0, '2019-07-18 03:00:28'),
(159, 35, '123456', '1000.00', '1050.00', 0, '2019-07-18 03:00:28'),
(160, 35, '123456', '1000.00', '1050.00', 0, '2019-07-18 03:00:28'),
(161, 35, '123456', '1000.00', '1050.00', 0, '2019-07-18 03:00:28'),
(162, 35, '123456', '1000.00', '1050.00', 0, '2019-07-18 03:00:28'),
(163, 35, '123456', '1000.00', '1050.00', 0, '2019-07-18 03:00:28'),
(164, 35, '123456', '1000.00', '1050.00', 0, '2019-07-18 03:00:28'),
(165, 35, '123456', '1000.00', '1050.00', 0, '2019-07-18 03:00:28'),
(166, 35, '123456', '1000.00', '1050.00', 0, '2019-07-18 03:00:28'),
(167, 35, '123456', '1000.00', '1050.00', 0, '2019-07-18 03:00:33'),
(168, 35, '123456', '1000.00', '1050.00', 0, '2019-07-18 03:00:34'),
(169, 35, '123456', '1000.00', '1050.00', 0, '2019-07-18 03:00:34'),
(170, 35, '123456', '1000.00', '1050.00', 0, '2019-07-18 03:00:34'),
(171, 35, '123456', '1000.00', '1050.00', 0, '2019-07-18 03:00:34'),
(172, 35, '123456', '1000.00', '1050.00', 0, '2019-07-18 03:00:34'),
(173, 35, '123456', '1000.00', '1050.00', 0, '2019-07-18 03:00:34'),
(174, 35, '123456', '1000.00', '1050.00', 0, '2019-07-18 03:00:34'),
(175, 35, '123456', '1000.00', '1050.00', 0, '2019-07-18 03:00:34'),
(176, 35, '123456', '1000.00', '1050.00', 0, '2019-07-18 03:00:34'),
(177, 35, '123456', '1000.00', '1050.00', 0, '2019-07-18 03:00:34'),
(178, 35, '123456', '1000.00', '1050.00', 0, '2019-07-18 03:00:34'),
(179, 35, '123456', '1000.00', '1050.00', 0, '2019-07-18 03:00:34'),
(180, 35, '123456', '1000.00', '1050.00', 0, '2019-07-18 03:00:34'),
(181, 35, '123456', '1000.00', '1050.00', 0, '2019-07-18 03:00:34'),
(182, 35, '123456', '1000.00', '1050.00', 0, '2019-07-18 03:00:34'),
(183, 35, '123456', '1000.00', '1050.00', 0, '2019-07-18 03:00:34'),
(184, 35, '123456', '1000.00', '1050.00', 0, '2019-07-18 03:00:34'),
(185, 35, '123456', '1000.00', '1050.00', 0, '2019-07-18 03:00:34'),
(186, 35, '123456', '1000.00', '1050.00', 0, '2019-07-18 03:00:34'),
(187, 35, '123456', '1000.00', '1050.00', 0, '2019-07-18 03:00:36'),
(188, 35, '123456', '1000.00', '1050.00', 0, '2019-07-18 03:00:36'),
(189, 35, '123456', '1000.00', '1050.00', 0, '2019-07-18 03:00:36'),
(190, 35, '123456', '1000.00', '1050.00', 0, '2019-07-18 03:00:37'),
(191, 35, '123456', '1000.00', '1050.00', 0, '2019-07-18 03:00:37'),
(192, 35, '123456', '1000.00', '1050.00', 0, '2019-07-18 03:00:37'),
(193, 35, '123456', '1000.00', '1050.00', 0, '2019-07-18 03:00:37'),
(194, 35, '123456', '1000.00', '1050.00', 0, '2019-07-18 03:00:37'),
(195, 35, '123456', '1000.00', '1050.00', 0, '2019-07-18 03:00:37'),
(196, 35, '123456', '1000.00', '1050.00', 0, '2019-07-18 03:00:37'),
(197, 35, '123456', '1000.00', '1050.00', 0, '2019-07-18 03:00:37'),
(198, 35, '123456', '1000.00', '1050.00', 0, '2019-07-18 03:00:37'),
(199, 35, '123456', '1000.00', '1050.00', 0, '2019-07-18 03:00:37'),
(200, 35, '123456', '1000.00', '1050.00', 0, '2019-07-18 03:00:37'),
(201, 35, '123456', '1000.00', '1050.00', 0, '2019-07-18 03:00:37'),
(202, 35, '123456', '1000.00', '1050.00', 0, '2019-07-18 03:00:37'),
(203, 35, '123456', '1000.00', '1050.00', 0, '2019-07-18 03:00:37'),
(204, 35, '123456', '1000.00', '1050.00', 0, '2019-07-18 03:00:37'),
(205, 35, '123456', '1000.00', '1050.00', 0, '2019-07-18 03:00:37'),
(206, 35, '123456', '1000.00', '1050.00', 0, '2019-07-18 03:00:37'),
(207, 4, '123456', '1000.00', '1050.00', 0, '2019-07-18 03:01:38'),
(208, 23, '123456', '425.00', '500.00', 1, '2019-07-18 03:34:26'),
(209, 23, '123456', '850.00', '1000.00', 1, '2019-07-18 03:35:46'),
(210, 23, '123456', '425.00', '500.00', 1, '2019-07-18 03:37:06'),
(211, 23, '123456', '425.00', '500.00', 1, '2019-07-18 03:46:00'),
(212, 23, '123456', '425.00', '500.00', 1, '2019-07-18 03:46:37'),
(213, 23, '123456', '425.00', '500.00', 1, '2019-07-18 03:47:54'),
(214, 23, '123456', '425.00', '500.00', 1, '2019-07-18 03:49:30'),
(215, 23, '123456', '425.00', '500.00', 1, '2019-07-18 03:49:55'),
(216, 23, '123456', '425.00', '500.00', 1, '2019-07-18 03:51:15'),
(217, 23, '123456', '425.00', '500.00', 1, '2019-07-18 03:59:19'),
(218, 23, '123456', '425.00', '500.00', 1, '2019-07-18 03:59:40'),
(219, 23, '123456', '850.00', '1000.00', 1, '2019-07-18 04:13:55'),
(220, 23, '123456', '850.00', '1000.00', 1, '2019-07-18 04:14:35'),
(221, 23, '123456', '425.00', '500.00', 1, '2019-07-19 02:45:45'),
(222, 23, '123456', '425.00', '500.00', 1, '2019-07-19 02:46:48'),
(223, 23, '123456', '425.00', '500.00', 1, '2019-07-19 02:47:29'),
(224, 23, '123456', '1000.00', '1075.00', 0, '2019-07-19 02:49:14'),
(225, 23, '123456', '425.00', '500.00', 1, '2019-07-19 02:49:33'),
(226, 23, '123456', '5000.00', '5750.00', 0, '2019-07-19 02:52:48'),
(227, 23, '123456', '425.00', '500.00', 1, '2019-07-19 03:00:09'),
(228, 23, '123456', '425.00', '500.00', 1, '2019-07-19 03:00:44'),
(229, 23, '123456', '425.00', '500.00', 1, '2019-07-19 03:03:52'),
(230, 23, '123456', '425.00', '500.00', 1, '2019-07-19 03:04:54'),
(231, 23, '123456', '425.00', '500.00', 1, '2019-07-19 03:05:52'),
(232, 23, '123456', '425.00', '500.00', 1, '2019-07-19 03:06:31'),
(233, 23, '123456', '500.00', '525.00', 0, '2019-07-19 03:21:56'),
(234, 23, '123456', '500.00', '525.00', 0, '2019-07-19 03:22:38'),
(235, 23, '123456', '1000.00', '1075.00', 0, '2019-07-19 03:23:37'),
(236, 23, '123456', '100.00', '100.00', 0, '2019-07-19 03:31:51'),
(237, 23, '123456', '1000.00', '1075.00', 0, '2019-07-19 03:32:04'),
(238, 23, '123456', '850.00', '1000.00', 1, '2019-07-19 03:32:17');

-- --------------------------------------------------------

--
-- 資料表結構 `users`
--

CREATE TABLE `users` (
  `id` bigint(20) UNSIGNED NOT NULL,
  `wallet_account` varchar(15) NOT NULL,
  `level` varchar(15) NOT NULL,
  `username` varchar(20) NOT NULL,
  `password` varchar(191) NOT NULL,
  `email` varchar(50) NOT NULL,
  `avatar` varchar(20) NOT NULL DEFAULT 'default.png',
  `money` decimal(10,2) NOT NULL DEFAULT '0.00',
  `e_coin` decimal(10,2) NOT NULL DEFAULT '0.00',
  `remember_token` varchar(100) DEFAULT NULL,
  `created_at` timestamp NULL DEFAULT NULL,
  `updated_at` timestamp NULL DEFAULT CURRENT_TIMESTAMP ON UPDATE CURRENT_TIMESTAMP
) ENGINE=InnoDB DEFAULT CHARSET=utf8;

--
-- 傾印資料表的資料 `users`
--

INSERT INTO `users` (`id`, `wallet_account`, `level`, `username`, `password`, `email`, `avatar`, `money`, `e_coin`, `remember_token`, `created_at`, `updated_at`) VALUES
(2, '', '', 'user', '123', 'user@user', '1560320417.png', '123.00', '12344444.00', NULL, '2019-06-12 06:15:02', '2019-07-12 06:41:42'),
(23, '123456', 'admin', 'usertest', '$2y$10$54P/v.2bzULmmLvWB1PnQ.N6cCQwCS4ro5qfKymHN3FtZM8NMAWC6', 'usertest@yahoo.com.tw', '1560743195.png', '3925.00', '4600.00', NULL, NULL, '2019-07-19 03:32:17'),
(26, '', 'user', 'mytestaccount', '$2y$10$s3WOQ8cMeVKYhzF5sECL0u5dMtef7qYIWT3aFJ/WLhpxtYOOMqzdy', 'mytest@hello.com', '1560767278.png', '1321321.00', '12.00', NULL, '2019-06-17 08:06:22', '2019-07-12 06:29:50'),
(27, '', 'user', 'test', '$2y$10$zQU6TVwcsYLBTjX0TJkQ5ejyz3AIAIhGT0Ro6LQwadsOx0GovbDDa', 'hello@tjd.com', '1560825347.png', '1321321.00', '12.00', NULL, '2019-06-18 01:03:29', '2019-07-12 06:29:50'),
(29, '499937', 'user', 'newtest', '$2y$10$6UP1JX8Q2sMGQ57lN/SdjuX6w4Wtt/TuSvkiQjjKDiQiKGKKE.qhG', 'new@test.com', '1561079290.png', '1321321.00', '500.00', NULL, '2019-06-20 04:05:55', '2019-07-17 08:00:09'),
(31, '121091', 'user', 'newname', '$2y$10$a7GOI4dSTqEbOVVj3PsjsudEIGwmKc9RDjc0ZO4VO5bDMzGrL0Rxu', 'new@hey.com', '1561431545.png', '1321321.00', '12.00', NULL, '2019-06-25 02:49:11', '2019-07-12 06:29:50'),
(39, '357095', 'user', 'createtest', '$2y$10$2h0osK7IQDeQhIIqa993MeOniGAvzxjOHgA3ZkVfewTTfjCGfiC5C', 'create@my.com', '1562815611.png', '1321321.00', '12.00', NULL, '2019-07-11 03:26:41', '2019-07-12 06:29:50'),
(40, '755186', 'user', 'usertestaccount', '$2y$10$nxvl8b3zuW8B1ek9gUHIPOEzuKmqJSRWJVZjuQ54e/5t7tNhxxSZq', 'test123@cg.com', 'default.png', '1321321.00', '12.00', NULL, '2019-07-11 09:36:29', '2019-07-12 06:29:50'),
(41, '807243', 'user', 'useraccount', '$2y$10$dLJgJ7jCDkek7o5cPVHiVOacf84haqKpgPlb6N8yx0rVKZAqpcUkK', 'usertest@gamil.com', 'default.png', '1321321.00', '512.00', NULL, '2019-07-11 09:37:53', '2019-07-17 06:41:12'),
(42, '718091', 'user', 'today0716', '$2y$10$xC1F3EzUm9E6t2XNvFT10uk2EraoWzSAw4aRQhdZxzYKYe1av/z2q', 'today@gmai.com', 'default.png', '10550.00', '1700.00', NULL, '2019-07-17 06:35:21', '2019-07-17 08:49:35');

--
-- 已傾印資料表的索引
--

--
-- 資料表索引 `cart_items`
--
ALTER TABLE `cart_items`
  ADD PRIMARY KEY (`id`),
  ADD KEY `product_id` (`product_id`,`user_id`);

--
-- 資料表索引 `orders`
--
ALTER TABLE `orders`
  ADD PRIMARY KEY (`id`);

--
-- 資料表索引 `products`
--
ALTER TABLE `products`
  ADD PRIMARY KEY (`id`);

--
-- 資料表索引 `product_images`
--
ALTER TABLE `product_images`
  ADD PRIMARY KEY (`id`),
  ADD KEY `product_id` (`product_id`);

--
-- 資料表索引 `recharge`
--
ALTER TABLE `recharge`
  ADD PRIMARY KEY (`id`);

--
-- 資料表索引 `users`
--
ALTER TABLE `users`
  ADD PRIMARY KEY (`id`),
  ADD UNIQUE KEY `users_email_unique` (`email`);

--
-- 在傾印的資料表使用自動增長(AUTO_INCREMENT)
--

--
-- 使用資料表自動增長(AUTO_INCREMENT) `cart_items`
--
ALTER TABLE `cart_items`
  MODIFY `id` int(10) NOT NULL AUTO_INCREMENT, AUTO_INCREMENT=166;

--
-- 使用資料表自動增長(AUTO_INCREMENT) `orders`
--
ALTER TABLE `orders`
  MODIFY `id` int(10) NOT NULL AUTO_INCREMENT, AUTO_INCREMENT=110;

--
-- 使用資料表自動增長(AUTO_INCREMENT) `products`
--
ALTER TABLE `products`
  MODIFY `id` int(10) NOT NULL AUTO_INCREMENT, AUTO_INCREMENT=255;

--
-- 使用資料表自動增長(AUTO_INCREMENT) `product_images`
--
ALTER TABLE `product_images`
  MODIFY `id` int(10) NOT NULL AUTO_INCREMENT, AUTO_INCREMENT=22520;

--
-- 使用資料表自動增長(AUTO_INCREMENT) `recharge`
--
ALTER TABLE `recharge`
  MODIFY `id` int(10) NOT NULL AUTO_INCREMENT, AUTO_INCREMENT=239;

--
-- 使用資料表自動增長(AUTO_INCREMENT) `users`
--
ALTER TABLE `users`
  MODIFY `id` bigint(20) UNSIGNED NOT NULL AUTO_INCREMENT, AUTO_INCREMENT=43;
COMMIT;

/*!40101 SET CHARACTER_SET_CLIENT=@OLD_CHARACTER_SET_CLIENT */;
/*!40101 SET CHARACTER_SET_RESULTS=@OLD_CHARACTER_SET_RESULTS */;
/*!40101 SET COLLATION_CONNECTION=@OLD_COLLATION_CONNECTION */;
